0,tensor(60.0800),0.07679343223571777,61.70887756347656
0,tensor(52.9521),0.12442994117736816,55.75498962402344
1,tensor(52.9388),0.02194046974182129,55.73986053466797
0,tensor(49.9152),0.10372185707092285,48.52458572387695
1,tensor(49.8691),0.0359036922454834,48.4412727355957
2,tensor(49.8452),0.02593064308166504,48.42839431762695
3,tensor(49.6259),0.05285811424255371,48.38035202026367
0,tensor(68.9337),0.10280275344848633,71.37334442138672
1,tensor(68.9337),0.034906625747680664,71.37334442138672
2,tensor(64.7737),0.023935794830322266,67.61882781982422
3,tensor(64.7737),0.024932861328125,67.61882781982422
4,tensor(64.7737),0.013962984085083008,67.61882781982422
5,tensor(58.6652),0.012964248657226562,61.21487808227539
6,tensor(58.6652),0.006981849670410156,61.21487808227539
7,tensor(50.8342),0.009999990463256836,53.03583526611328
8,tensor(50.8342),0.012966156005859375,53.03583526611328
9,tensor(50.8342),0.009974479675292969,53.03583526611328
10,tensor(50.8342),0.00797891616821289,53.03583526611328
11,tensor(50.8342),0.0059854984283447266,53.03583526611328
12,tensor(50.8342),0.002992391586303711,53.03583526611328
13,tensor(50.8342),0.00498509407043457,53.03583526611328
14,tensor(49.6364),0.005136966705322266,51.65176773071289
15,tensor(43.1435),0.003992557525634766,42.36355209350586
16,tensor(43.1435),0.003990888595581055,42.36355209350586
17,tensor(43.1358),0.005984306335449219,43.50153732299805
18,tensor(42.5383),0.0069828033447265625,41.286251068115234
19,tensor(42.5383),0.006979465484619141,41.286251068115234
20,tensor(42.5249),0.008975505828857422,41.297977447509766
0,tensor(67.8621),0.05186033248901367,71.15349578857422
1,tensor(67.8621),0.012003660202026367,71.15349578857422
2,tensor(65.5009),0.01196908950805664,68.4359130859375
3,tensor(65.5009),0.012003660202026367,68.4359130859375
4,tensor(55.1927),0.012961626052856445,57.51799011230469
5,tensor(33.1862),0.015957117080688477,28.499202728271484
6,tensor(33.1862),0.023045778274536133,28.499202728271484
7,tensor(33.1862),0.027924060821533203,28.499202728271484
8,tensor(33.1862),0.028922557830810547,28.499202728271484
9,tensor(33.1862),0.04003119468688965,28.499202728271484
10,tensor(33.1862),0.05091738700866699,28.499202728271484
11,tensor(33.1862),0.06781864166259766,28.499202728271484
12,tensor(33.1862),0.07480001449584961,28.499202728271484
13,tensor(33.1862),0.07679438591003418,28.499202728271484
14,tensor(33.1862),0.08078527450561523,28.499202728271484
15,tensor(33.1862),0.11968088150024414,28.499202728271484
16,tensor(33.0489),0.11269760131835938,28.24700927734375
17,tensor(33.0489),0.0658261775970459,28.24700927734375
18,tensor(33.0489),0.06482601165771484,28.24700927734375
19,tensor(32.5061),0.11073923110961914,26.925384521484375
20,tensor(32.5061),0.0919046401977539,26.925384521484375
0,tensor(68.4400),0.08277630805969238,73.2688980102539
1,tensor(68.4400),0.018949031829833984,73.2688980102539
2,tensor(65.9938),0.01101064682006836,71.90261840820312
3,tensor(65.9938),0.009006977081298828,71.90261840820312
4,tensor(65.9938),0.0049860477447509766,71.90261840820312
5,tensor(65.9938),0.0030291080474853516,71.90261840820312
6,tensor(65.9938),0.002992391586303711,71.90261840820312
7,tensor(65.9938),0.005019664764404297,71.90261840820312
8,tensor(65.9938),0.0019948482513427734,71.90261840820312
9,tensor(65.9938),0.0019953250885009766,71.90261840820312
10,tensor(65.9938),0.0020284652709960938,71.90261840820312
11,tensor(65.9938),0.0019943714141845703,71.90261840820312
12,tensor(65.9938),0.0019943714141845703,71.90261840820312
13,tensor(65.9938),0.0029926300048828125,71.90261840820312
14,tensor(65.9938),0.001995086669921875,71.90261840820312
15,tensor(65.9938),0.0019943714141845703,71.90261840820312
16,tensor(65.9938),0.001995086669921875,71.90261840820312
17,tensor(65.9938),0.0019953250885009766,71.90261840820312
18,tensor(65.9938),0.001995563507080078,71.90261840820312
19,tensor(65.9938),0.0019943714141845703,71.90261840820312
20,tensor(47.3587),0.0019953250885009766,46.681297302246094
0,0,tensor(67.1526),0.09386706352233887,71.33102416992188
0,1,tensor(67.1526),0.01898789405822754,71.33102416992188
0,2,tensor(67.1526),0.011967182159423828,71.33102416992188
0,3,tensor(47.2579),0.019045591354370117,47.092742919921875
0,4,tensor(47.2579),0.025968074798583984,47.092742919921875
0,5,tensor(47.2579),0.00598454475402832,47.092742919921875
0,6,tensor(47.2579),0.003033876419067383,47.092742919921875
0,7,tensor(47.2579),0.0019943714141845703,47.092742919921875
0,8,tensor(47.2579),0.0020508766174316406,47.092742919921875
0,9,tensor(47.2579),0.0029916763305664062,47.092742919921875
0,10,tensor(47.2579),0.0029914379119873047,47.092742919921875
0,11,tensor(47.2579),0.006046295166015625,47.092742919921875
0,12,tensor(47.2579),0.005981922149658203,47.092742919921875
0,13,tensor(47.2579),0.003988981246948242,47.092742919921875
0,14,tensor(47.2579),0.002992391586303711,47.092742919921875
0,15,tensor(47.2579),0.0019960403442382812,47.092742919921875
0,16,tensor(47.2579),0.001993894577026367,47.092742919921875
0,17,tensor(47.2579),0.0029921531677246094,47.092742919921875
0,18,tensor(47.2579),0.001995086669921875,47.092742919921875
0,19,tensor(47.2579),0.0019941329956054688,47.092742919921875
0,20,tensor(47.2579),0.0019943714141845703,47.092742919921875
0,0,tensor(57.9757),0.049867868423461914,61.99696731567383
0,1,tensor(57.9757),0.01795172691345215,61.99696731567383
0,2,tensor(46.9588),0.025931119918823242,49.8767204284668
0,3,tensor(46.9588),0.027925491333007812,49.8767204284668
0,4,tensor(46.9549),0.03790020942687988,49.86865997314453
0,5,tensor(46.6777),0.04986739158630371,49.434139251708984
0,6,tensor(46.5633),0.029920578002929688,49.238040924072266
0,7,tensor(34.5762),0.047872066497802734,37.08149337768555
0,8,tensor(34.5762),0.05745530128479004,37.08149337768555
0,9,tensor(34.5762),0.060837507247924805,37.08149337768555
0,10,tensor(34.0509),0.0578458309173584,36.35273361206055
0,11,tensor(33.3759),0.06395792961120605,35.428688049316406
0,12,tensor(33.3667),0.053856849670410156,35.399967193603516
0,13,tensor(33.3667),0.061835527420043945,35.399967193603516
0,14,tensor(33.3667),0.09175610542297363,35.399967193603516
0,15,tensor(33.3303),0.07480025291442871,38.12503433227539
0,16,tensor(33.3303),0.07380366325378418,38.12503433227539
0,17,tensor(33.3303),0.08477544784545898,38.12503433227539
0,18,tensor(33.1040),0.060838937759399414,37.719058990478516
0,19,tensor(33.1040),0.06482815742492676,37.719058990478516
0,20,tensor(33.1040),0.0797882080078125,37.719058990478516
1,0,tensor(64.7257),0.06838321685791016,67.87593841552734
1,1,tensor(64.7257),0.011969327926635742,67.87593841552734
1,2,tensor(64.7257),0.009976387023925781,67.87593841552734
1,3,tensor(64.7257),0.009974479675292969,67.87593841552734
1,4,tensor(63.8641),0.015955448150634766,66.97228240966797
1,5,tensor(57.8476),0.012965679168701172,60.64641571044922
1,6,tensor(57.8476),0.01203775405883789,60.64641571044922
1,7,tensor(57.8476),0.01795220375061035,60.64641571044922
1,8,tensor(53.9047),0.013962984085083008,56.550254821777344
1,9,tensor(48.1591),0.014994621276855469,50.2419548034668
1,10,tensor(39.2194),0.014002084732055664,40.201683044433594
1,11,tensor(34.9852),0.019946575164794922,29.802196502685547
1,12,tensor(32.5479),0.029030323028564453,30.407339096069336
1,13,tensor(32.5479),0.04487919807434082,30.407339096069336
1,14,tensor(32.5479),0.03689312934875488,30.407339096069336
1,15,tensor(32.3568),0.07480359077453613,28.07156753540039
1,16,tensor(32.3568),0.041889190673828125,28.07156753540039
1,17,tensor(32.3568),0.0718083381652832,28.07156753540039
1,18,tensor(32.3568),0.1323697566986084,28.07156753540039
1,19,tensor(32.3568),0.1406257152557373,28.07156753540039
1,20,tensor(32.3568),0.21044087409973145,28.07156753540039
2,0,tensor(69.2672),0.07080817222595215,74.12747192382812
2,1,tensor(67.2355),0.016954660415649414,72.20327758789062
2,2,tensor(67.2355),0.032912254333496094,72.20327758789062
2,3,tensor(67.2355),0.013962984085083008,72.20327758789062
2,4,tensor(62.5447),0.001994609832763672,66.9242172241211
2,5,tensor(62.5447),0.003989458084106445,66.9242172241211
2,6,tensor(47.3415),0.001995086669921875,47.28129959106445
2,7,tensor(47.3415),0.0029921531677246094,47.28129959106445
2,8,tensor(47.3415),0.0029921531677246094,47.28129959106445
2,9,tensor(47.3415),0.0029921531677246094,47.28129959106445
2,10,tensor(47.3415),0.0019948482513427734,47.28129959106445
2,11,tensor(47.1777),0.0019948482513427734,47.1695671081543
2,12,tensor(46.5993),0.003989219665527344,46.40738296508789
2,13,tensor(46.0354),0.0029916763305664062,45.65437698364258
2,14,tensor(44.9531),0.004986286163330078,44.17777633666992
2,15,tensor(44.9531),0.004986763000488281,44.17777633666992
2,16,tensor(44.9531),0.004986763000488281,44.17777633666992
2,17,tensor(44.9531),0.003989458084106445,44.17777633666992
2,18,tensor(44.9531),0.005983829498291016,44.17777633666992
2,19,tensor(44.9531),0.0049860477447509766,44.17777633666992
2,20,tensor(44.9531),0.004986763000488281,44.17777633666992
1,0,tensor(67.8621),0.08218693733215332,71.15349578857422
1,1,tensor(67.8621),0.012049198150634766,71.15349578857422
1,2,tensor(67.8621),0.005982637405395508,71.15349578857422
1,3,tensor(67.2018),0.0049855709075927734,71.20098876953125
1,4,tensor(67.2018),0.0029909610748291016,71.20098876953125
1,5,tensor(67.2018),0.002991199493408203,71.20098876953125
1,6,tensor(67.2018),0.0019943714141845703,71.20098876953125
1,7,tensor(67.2018),0.0019943714141845703,71.20098876953125
1,8,tensor(53.8741),0.0019941329956054688,56.585872650146484
1,9,tensor(53.8741),0.0029916763305664062,56.585872650146484
1,10,tensor(53.8741),0.0019948482513427734,56.585872650146484
1,11,tensor(53.8741),0.001994609832763672,56.585872650146484
1,12,tensor(53.8741),0.0019941329956054688,56.585872650146484
1,13,tensor(53.8741),0.0019943714141845703,56.585872650146484
1,14,tensor(53.8741),0.002991914749145508,56.585872650146484
1,15,tensor(53.8741),0.0019943714141845703,56.585872650146484
1,16,tensor(53.8741),0.0019941329956054688,56.585872650146484
1,17,tensor(53.8741),0.0019941329956054688,56.585872650146484
1,18,tensor(53.8741),0.0019948482513427734,56.585872650146484
1,19,tensor(53.8741),0.001994609832763672,56.585872650146484
1,20,tensor(53.8741),0.001995086669921875,56.585872650146484
1,21,tensor(53.8741),0.001995086669921875,56.585872650146484
1,22,tensor(53.8741),0.0019941329956054688,56.585872650146484
1,23,tensor(53.8741),0.0019943714141845703,56.585872650146484
1,24,tensor(53.8741),0.0019948482513427734,56.585872650146484
1,25,tensor(53.8741),0.001994609832763672,56.585872650146484
1,26,tensor(53.8741),0.002991914749145508,56.585872650146484
1,27,tensor(53.8741),0.001994609832763672,56.585872650146484
1,28,tensor(53.8741),0.0019948482513427734,56.585872650146484
1,29,tensor(53.8741),0.000997304916381836,56.585872650146484
1,30,tensor(53.8741),0.001994609832763672,56.585872650146484
1,31,tensor(53.8741),0.0019941329956054688,56.585872650146484
1,32,tensor(53.8741),0.001995086669921875,56.585872650146484
1,33,tensor(53.8741),0.002991914749145508,56.585872650146484
1,34,tensor(53.8741),0.0009975433349609375,56.585872650146484
1,35,tensor(53.8741),0.001994609832763672,56.585872650146484
1,36,tensor(53.8741),0.001994609832763672,56.585872650146484
1,37,tensor(53.8741),0.0019943714141845703,56.585872650146484
1,38,tensor(53.8741),0.0019948482513427734,56.585872650146484
1,39,tensor(53.8741),0.001994609832763672,56.585872650146484
1,40,tensor(53.8741),0.002992391586303711,56.585872650146484
1,41,tensor(53.8741),0.001994609832763672,56.585872650146484
1,42,tensor(53.8741),0.001994609832763672,56.585872650146484
1,43,tensor(53.8741),0.0019953250885009766,56.585872650146484
1,44,tensor(53.8741),0.0019948482513427734,56.585872650146484
1,45,tensor(53.8741),0.0019943714141845703,56.585872650146484
1,46,tensor(53.8741),0.001994609832763672,56.585872650146484
1,47,tensor(53.8741),0.002998828887939453,56.585872650146484
1,48,tensor(53.8741),0.001994609832763672,56.585872650146484
1,49,tensor(53.8741),0.0019948482513427734,56.585872650146484
1,50,tensor(53.8741),0.0019910335540771484,56.585872650146484
1,51,tensor(53.8741),0.0019948482513427734,56.585872650146484
1,52,tensor(53.8741),0.0019948482513427734,56.585872650146484
1,53,tensor(53.8741),0.001994609832763672,56.585872650146484
1,54,tensor(53.8741),0.001994609832763672,56.585872650146484
1,55,tensor(53.8741),0.0019948482513427734,56.585872650146484
1,56,tensor(53.8741),0.0019948482513427734,56.585872650146484
1,57,tensor(53.8741),0.0019953250885009766,56.585872650146484
1,58,tensor(53.8741),0.001995086669921875,56.585872650146484
1,59,tensor(53.8741),0.001994609832763672,56.585872650146484
1,60,tensor(53.8741),0.0019958019256591797,56.585872650146484
1,61,tensor(53.8741),0.0019927024841308594,56.585872650146484
1,62,tensor(53.8741),0.001994609832763672,56.585872650146484
1,63,tensor(53.8741),0.0019958019256591797,56.585872650146484
1,64,tensor(53.8741),0.001993417739868164,56.585872650146484
1,65,tensor(53.8741),0.001988649368286133,56.585872650146484
1,66,tensor(53.8741),0.001994609832763672,56.585872650146484
1,67,tensor(53.8741),0.0019943714141845703,56.585872650146484
1,68,tensor(53.8741),0.0059814453125,56.585872650146484
1,69,tensor(53.8741),0.004986286163330078,56.585872650146484
1,70,tensor(53.8741),0.004986286163330078,56.585872650146484
1,71,tensor(53.8741),0.004987955093383789,56.585872650146484
1,72,tensor(53.8741),0.003991365432739258,56.585872650146484
1,73,tensor(53.8741),0.0019948482513427734,56.585872650146484
1,74,tensor(53.8741),0.0029916763305664062,56.585872650146484
1,75,tensor(53.8741),0.0019941329956054688,56.585872650146484
1,76,tensor(53.8741),0.002992391586303711,56.585872650146484
1,77,tensor(53.8741),0.001997232437133789,56.585872650146484
1,78,tensor(53.8741),0.002994060516357422,56.585872650146484
1,79,tensor(53.8741),0.0019953250885009766,56.585872650146484
1,80,tensor(53.8741),0.0019943714141845703,56.585872650146484
1,81,tensor(53.8741),0.001993894577026367,56.585872650146484
1,82,tensor(53.8741),0.001994609832763672,56.585872650146484
1,83,tensor(53.8741),0.001994609832763672,56.585872650146484
1,84,tensor(53.8741),0.001994609832763672,56.585872650146484
1,85,tensor(53.8741),0.0019943714141845703,56.585872650146484
1,86,tensor(53.8741),0.001993894577026367,56.585872650146484
1,87,tensor(53.8741),0.0019943714141845703,56.585872650146484
1,88,tensor(53.8741),0.0019943714141845703,56.585872650146484
1,89,tensor(53.8741),0.002000093460083008,56.585872650146484
1,90,tensor(53.8741),0.001994609832763672,56.585872650146484
1,91,tensor(53.8741),0.0009975433349609375,56.585872650146484
1,92,tensor(53.8741),0.0019943714141845703,56.585872650146484
1,93,tensor(53.8741),0.0019948482513427734,56.585872650146484
1,94,tensor(53.8741),0.001994609832763672,56.585872650146484
1,95,tensor(53.8741),0.001995086669921875,56.585872650146484
1,96,tensor(53.8741),0.0019948482513427734,56.585872650146484
1,97,tensor(53.8741),0.0019948482513427734,56.585872650146484
1,98,tensor(53.8741),0.0019974708557128906,56.585872650146484
1,99,tensor(53.8741),0.001993894577026367,56.585872650146484
1,100,tensor(53.8741),0.0009963512420654297,56.585872650146484
2,0,tensor(67.0137),0.07878565788269043,71.42481994628906
2,1,tensor(58.0921),0.019947290420532227,57.536766052246094
2,2,tensor(58.0921),0.0249330997467041,57.536766052246094
2,3,tensor(55.2300),0.022939682006835938,55.4715461730957
2,4,tensor(55.2300),0.027924776077270508,55.4715461730957
2,5,tensor(54.6697),0.04787158966064453,54.98261260986328
2,6,tensor(54.5483),0.03590559959411621,54.90815353393555
2,7,tensor(54.5483),0.05884289741516113,54.90815353393555
2,8,tensor(54.3565),0.06682109832763672,54.66497802734375
2,9,tensor(53.9381),0.10785913467407227,54.325313568115234
2,10,tensor(53.9381),0.06183767318725586,54.325313568115234
2,11,tensor(53.9381),0.07080984115600586,54.325313568115234
2,12,tensor(53.9381),0.10970640182495117,54.325313568115234
2,13,tensor(53.9381),0.15259218215942383,54.325313568115234
2,14,tensor(39.4387),0.17852306365966797,37.3105354309082
2,15,tensor(39.2293),0.19747209548950195,37.257259368896484
2,16,tensor(39.0629),0.16954541206359863,36.99610900878906
2,17,tensor(38.9109),0.2932155132293701,36.71651077270508
2,18,tensor(38.7201),0.39095449447631836,36.8820686340332
2,19,tensor(37.2227),0.3899576663970947,36.26885223388672
2,20,tensor(37.2227),0.6452748775482178,36.26885223388672
2,21,tensor(37.2227),0.564490795135498,36.26885223388672
2,22,tensor(37.2227),0.41049790382385254,36.26885223388672
2,23,tensor(37.2227),0.24634099006652832,36.26885223388672
2,24,tensor(37.2227),0.30518388748168945,36.26885223388672
2,25,tensor(37.2227),0.37100839614868164,36.26885223388672
2,26,tensor(35.6296),0.4258608818054199,29.44130516052246
2,27,tensor(35.6296),0.6372921466827393,29.44130516052246
2,28,tensor(35.6296),0.6553730964660645,29.44130516052246
2,29,tensor(33.1504),0.6233334541320801,27.96077537536621
2,30,tensor(32.6292),0.5275893211364746,27.835342407226562
2,31,tensor(32.6292),0.6871623992919922,27.835342407226562
2,32,tensor(32.6292),0.7939069271087646,27.835342407226562
2,33,tensor(32.2857),0.6722023487091064,29.490711212158203
2,34,tensor(31.7127),0.5874640941619873,29.868270874023438
2,35,tensor(31.7093),0.5595054626464844,28.32032585144043
2,36,tensor(31.7093),0.5166592597961426,28.32032585144043
2,37,tensor(31.7093),0.4158933162689209,28.32032585144043
2,38,tensor(31.7093),0.4338397979736328,28.32032585144043
2,39,tensor(31.4230),0.48300695419311523,29.25257110595703
2,40,tensor(31.4230),0.6239073276519775,29.25257110595703
2,41,tensor(31.4230),0.6580810546875,29.25257110595703
2,42,tensor(31.4230),0.7795889377593994,29.25257110595703
2,43,tensor(31.4230),0.8048834800720215,29.25257110595703
2,44,tensor(31.4230),0.7619643211364746,29.25257110595703
2,45,tensor(31.4038),0.8457596302032471,28.935197830200195
2,46,tensor(31.4038),1.0224652290344238,28.935197830200195
2,47,tensor(31.4038),1.0270028114318848,28.935197830200195
2,48,tensor(31.4038),0.6812036037445068,28.935197830200195
2,49,tensor(31.4038),0.7164597511291504,28.935197830200195
2,50,tensor(31.4038),0.6113648414611816,28.935197830200195
2,51,tensor(31.4038),0.6582834720611572,28.935197830200195
2,52,tensor(31.4038),0.6562457084655762,28.935197830200195
2,53,tensor(31.4038),0.8993167877197266,28.935197830200195
2,54,tensor(31.4038),1.0507574081420898,28.935197830200195
2,55,tensor(31.4038),0.786895751953125,28.935197830200195
2,56,tensor(31.1230),0.7420539855957031,28.90839958190918
2,57,tensor(31.1230),0.6200962066650391,28.90839958190918
2,58,tensor(31.1230),0.5178215503692627,28.90839958190918
2,59,tensor(31.1230),0.5187304019927979,28.90839958190918
2,60,tensor(30.9869),0.5465385913848877,28.601070404052734
2,61,tensor(30.9869),0.6113965511322021,28.601070404052734
2,62,tensor(30.9869),0.5525569915771484,28.601070404052734
2,63,tensor(30.9869),0.5435538291931152,28.601070404052734
2,64,tensor(30.9869),0.5335712432861328,28.601070404052734
2,65,tensor(30.9869),0.46075892448425293,28.601070404052734
2,66,tensor(30.9869),0.4687488079071045,28.601070404052734
2,67,tensor(30.9869),0.4557805061340332,28.601070404052734
2,68,tensor(30.9869),0.44262194633483887,28.601070404052734
2,69,tensor(30.9869),0.3742239475250244,28.601070404052734
2,70,tensor(30.9869),0.36303138732910156,28.601070404052734
2,71,tensor(30.9869),0.3759939670562744,28.601070404052734
2,72,tensor(30.9869),0.37819910049438477,28.601070404052734
2,73,tensor(30.9076),0.46774911880493164,29.91442108154297
2,74,tensor(30.8266),0.6103217601776123,29.755512237548828
2,75,tensor(30.8266),0.4827098846435547,29.755512237548828
2,76,tensor(30.8266),0.4438138008117676,29.755512237548828
2,77,tensor(30.8266),0.6158187389373779,29.755512237548828
2,78,tensor(30.7457),0.34906888008117676,29.491722106933594
2,79,tensor(30.7457),0.336101770401001,29.491722106933594
2,80,tensor(30.7457),0.26538515090942383,29.491722106933594
2,81,tensor(30.7457),0.2314443588256836,29.491722106933594
2,82,tensor(30.6603),0.4448106288909912,29.190494537353516
2,83,tensor(30.6603),0.4637601375579834,29.190494537353516
2,84,tensor(30.5875),0.44834256172180176,28.476964950561523
2,85,tensor(30.5875),0.42386579513549805,28.476964950561523
2,86,tensor(30.5875),0.44281625747680664,28.476964950561523
2,87,tensor(30.5875),0.3969385623931885,28.476964950561523
2,88,tensor(30.5875),0.515622615814209,28.476964950561523
2,89,tensor(30.5875),0.4109013080596924,28.476964950561523
2,90,tensor(30.5875),0.41107869148254395,28.476964950561523
2,91,tensor(30.5875),0.4827415943145752,28.476964950561523
2,92,tensor(30.5875),0.4916849136352539,28.476964950561523
2,93,tensor(30.5875),0.45212769508361816,28.476964950561523
2,94,tensor(30.5875),0.5465383529663086,28.476964950561523
2,95,tensor(30.4501),0.5555133819580078,28.418643951416016
2,96,tensor(30.4501),0.5243744850158691,28.418643951416016
2,97,tensor(30.4501),0.46774983406066895,28.418643951416016
2,98,tensor(30.4501),0.4258589744567871,28.418643951416016
2,99,tensor(30.4501),0.4910562038421631,28.418643951416016
2,100,tensor(30.4501),0.38796234130859375,28.418643951416016
1,0,tensor(53.8741),0.03689861297607422,56.585872650146484
1,1,tensor(53.8741),0.025929689407348633,56.585872650146484
1,2,tensor(53.8741),0.008975744247436523,56.585872650146484
1,3,tensor(53.8741),0.00498652458190918,56.585872650146484
1,4,tensor(53.8741),0.004986763000488281,56.585872650146484
1,5,tensor(53.8741),0.001994609832763672,56.585872650146484
1,6,tensor(53.8741),0.0019948482513427734,56.585872650146484
1,7,tensor(53.8741),0.0019941329956054688,56.585872650146484
1,8,tensor(53.8741),0.0019943714141845703,56.585872650146484
1,9,tensor(53.8741),0.0019943714141845703,56.585872650146484
1,10,tensor(53.8741),0.0019948482513427734,56.585872650146484
1,11,tensor(53.8741),0.004986763000488281,56.585872650146484
1,12,tensor(53.8741),0.004986763000488281,56.585872650146484
1,13,tensor(53.8741),0.003989219665527344,56.585872650146484
1,14,tensor(53.8741),0.003989458084106445,56.585872650146484
1,15,tensor(53.8741),0.0019941329956054688,56.585872650146484
1,16,tensor(53.8741),0.00498652458190918,56.585872650146484
1,17,tensor(53.8741),0.001994609832763672,56.585872650146484
1,18,tensor(53.8741),0.001994609832763672,56.585872650146484
1,19,tensor(53.8741),0.0009970664978027344,56.585872650146484
1,20,tensor(53.8741),0.0019943714141845703,56.585872650146484
1,21,tensor(53.8741),0.0019948482513427734,56.585872650146484
1,22,tensor(53.8741),0.001994609832763672,56.585872650146484
1,23,tensor(53.8741),0.001995563507080078,56.585872650146484
1,24,tensor(53.8741),0.001994609832763672,56.585872650146484
1,25,tensor(53.8741),0.0019953250885009766,56.585872650146484
1,26,tensor(53.8741),0.0029916763305664062,56.585872650146484
1,27,tensor(53.8741),0.000997781753540039,56.585872650146484
1,28,tensor(53.8741),0.0009975433349609375,56.585872650146484
1,29,tensor(53.8741),0.0019943714141845703,56.585872650146484
1,30,tensor(53.8741),0.001994609832763672,56.585872650146484
1,31,tensor(53.8741),0.0019948482513427734,56.585872650146484
1,32,tensor(53.8741),0.0019948482513427734,56.585872650146484
1,33,tensor(53.8741),0.0019943714141845703,56.585872650146484
1,34,tensor(53.8741),0.0019941329956054688,56.585872650146484
1,35,tensor(53.8741),0.001994609832763672,56.585872650146484
1,36,tensor(53.8741),0.0019948482513427734,56.585872650146484
1,37,tensor(53.8741),0.0019943714141845703,56.585872650146484
1,38,tensor(53.8741),0.001988649368286133,56.585872650146484
1,39,tensor(53.8741),0.001995563507080078,56.585872650146484
1,40,tensor(53.8741),0.0019943714141845703,56.585872650146484
1,41,tensor(53.8741),0.001994609832763672,56.585872650146484
1,42,tensor(53.8741),0.0019941329956054688,56.585872650146484
1,43,tensor(53.8741),0.001994609832763672,56.585872650146484
1,44,tensor(53.8741),0.001995086669921875,56.585872650146484
1,45,tensor(53.8741),0.001994609832763672,56.585872650146484
1,46,tensor(53.8741),0.0019948482513427734,56.585872650146484
1,47,tensor(53.8741),0.0019948482513427734,56.585872650146484
1,48,tensor(53.8741),0.0019943714141845703,56.585872650146484
1,49,tensor(53.8741),0.0019941329956054688,56.585872650146484
1,50,tensor(53.8741),0.001994609832763672,56.585872650146484
1,51,tensor(53.8741),0.001994609832763672,56.585872650146484
1,52,tensor(53.8741),0.001994609832763672,56.585872650146484
1,53,tensor(53.8741),0.001987457275390625,56.585872650146484
1,54,tensor(53.8741),0.001994609832763672,56.585872650146484
1,55,tensor(53.8741),0.002030611038208008,56.585872650146484
1,56,tensor(53.8741),0.0009975433349609375,56.585872650146484
1,57,tensor(53.8741),0.002991914749145508,56.585872650146484
1,58,tensor(53.8741),0.0009970664978027344,56.585872650146484
1,59,tensor(53.8741),0.0019948482513427734,56.585872650146484
1,60,tensor(53.8741),0.0009970664978027344,56.585872650146484
1,61,tensor(53.8741),0.0009968280792236328,56.585872650146484
1,62,tensor(53.8741),0.003989219665527344,56.585872650146484
1,63,tensor(53.8741),0.000997304916381836,56.585872650146484
1,64,tensor(53.8741),0.001994609832763672,56.585872650146484
1,65,tensor(53.8741),0.0019936561584472656,56.585872650146484
1,66,tensor(53.8741),0.0019941329956054688,56.585872650146484
1,67,tensor(53.8741),0.0019941329956054688,56.585872650146484
1,68,tensor(53.8741),0.0019943714141845703,56.585872650146484
1,69,tensor(53.8741),0.0019953250885009766,56.585872650146484
1,70,tensor(53.8741),0.001997232437133789,56.585872650146484
1,71,tensor(53.8741),0.0019948482513427734,56.585872650146484
1,72,tensor(53.8741),0.001995086669921875,56.585872650146484
1,73,tensor(53.8741),0.0019969940185546875,56.585872650146484
1,74,tensor(53.8741),0.0019888877868652344,56.585872650146484
1,75,tensor(53.8741),0.0019943714141845703,56.585872650146484
1,76,tensor(53.8741),0.0019943714141845703,56.585872650146484
1,77,tensor(53.8741),0.0009982585906982422,56.585872650146484
1,78,tensor(53.8741),0.0020008087158203125,56.585872650146484
1,79,tensor(53.8741),0.0009968280792236328,56.585872650146484
1,80,tensor(53.8741),0.0019943714141845703,56.585872650146484
1,81,tensor(53.8741),0.0019943714141845703,56.585872650146484
1,82,tensor(53.8741),0.004986763000488281,56.585872650146484
1,83,tensor(53.8741),0.005986690521240234,56.585872650146484
1,84,tensor(53.8741),0.004986763000488281,56.585872650146484
1,85,tensor(53.8741),0.004989147186279297,56.585872650146484
1,86,tensor(53.8741),0.003990650177001953,56.585872650146484
1,87,tensor(53.8741),0.002991199493408203,56.585872650146484
1,88,tensor(53.8741),0.002992391586303711,56.585872650146484
1,89,tensor(53.8741),0.005983114242553711,56.585872650146484
1,90,tensor(53.8741),0.0029938220977783203,56.585872650146484
1,91,tensor(53.8741),0.003989696502685547,56.585872650146484
1,92,tensor(53.8741),0.002992391586303711,56.585872650146484
1,93,tensor(53.8741),0.0029914379119873047,56.585872650146484
1,94,tensor(53.8741),0.000997304916381836,56.585872650146484
1,95,tensor(53.8741),0.0009992122650146484,56.585872650146484
1,96,tensor(53.8741),0.0009999275207519531,56.585872650146484
1,97,tensor(53.8741),0.0009984970092773438,56.585872650146484
1,98,tensor(53.8741),0.0009970664978027344,56.585872650146484
1,99,tensor(53.8741),0.0019948482513427734,56.585872650146484
1,100,tensor(53.8741),0.0010001659393310547,56.585872650146484
2,0,tensor(67.5499),0.08477258682250977,72.34468841552734
2,1,tensor(67.5499),0.008976221084594727,72.34468841552734
2,2,tensor(53.8484),0.004986763000488281,56.68488311767578
2,3,tensor(53.8484),0.004987001419067383,56.68488311767578
2,4,tensor(53.8484),0.003989458084106445,56.68488311767578
2,5,tensor(53.8484),0.0019948482513427734,56.68488311767578
2,6,tensor(53.8484),0.0019953250885009766,56.68488311767578
2,7,tensor(53.8484),0.0019948482513427734,56.68488311767578
2,8,tensor(53.8484),0.0019960403442382812,56.68488311767578
2,9,tensor(53.8484),0.0019948482513427734,56.68488311767578
2,10,tensor(53.8484),0.0019948482513427734,56.68488311767578
2,11,tensor(53.8484),0.0019948482513427734,56.68488311767578
2,12,tensor(53.8484),0.0019948482513427734,56.68488311767578
2,13,tensor(53.8484),0.0029916763305664062,56.68488311767578
2,14,tensor(53.8484),0.0019943714141845703,56.68488311767578
2,15,tensor(53.8484),0.0019948482513427734,56.68488311767578
2,16,tensor(53.8484),0.0009970664978027344,56.68488311767578
2,17,tensor(53.8484),0.0019958019256591797,56.68488311767578
2,18,tensor(53.8484),0.001994609832763672,56.68488311767578
2,19,tensor(53.8484),0.0019948482513427734,56.68488311767578
2,20,tensor(53.8484),0.0019943714141845703,56.68488311767578
2,21,tensor(53.8484),0.0019919872283935547,56.68488311767578
2,22,tensor(53.8484),0.001994609832763672,56.68488311767578
2,23,tensor(53.8484),0.001995086669921875,56.68488311767578
2,24,tensor(53.8484),0.001994609832763672,56.68488311767578
2,25,tensor(53.8484),0.0019943714141845703,56.68488311767578
2,26,tensor(53.8484),0.0019943714141845703,56.68488311767578
2,27,tensor(53.8484),0.0029916763305664062,56.68488311767578
2,28,tensor(53.8484),0.001994609832763672,56.68488311767578
2,29,tensor(53.8484),0.0019948482513427734,56.68488311767578
2,30,tensor(53.8484),0.001994609832763672,56.68488311767578
2,31,tensor(53.8484),0.001995086669921875,56.68488311767578
2,32,tensor(53.8484),0.001994609832763672,56.68488311767578
2,33,tensor(53.8484),0.0019941329956054688,56.68488311767578
2,34,tensor(53.8484),0.001995563507080078,56.68488311767578
2,35,tensor(53.8484),0.0019943714141845703,56.68488311767578
2,36,tensor(53.8484),0.001996755599975586,56.68488311767578
2,37,tensor(53.8484),0.0009999275207519531,56.68488311767578
2,38,tensor(53.8484),0.0009987354278564453,56.68488311767578
2,39,tensor(53.8484),0.0019905567169189453,56.68488311767578
2,40,tensor(53.8484),0.001996755599975586,56.68488311767578
2,41,tensor(53.8484),0.0019953250885009766,56.68488311767578
2,42,tensor(53.8484),0.0019948482513427734,56.68488311767578
2,43,tensor(53.8484),0.001993417739868164,56.68488311767578
2,44,tensor(53.8484),0.001993894577026367,56.68488311767578
2,45,tensor(53.8484),0.001996278762817383,56.68488311767578
2,46,tensor(53.8484),0.001995086669921875,56.68488311767578
2,47,tensor(53.8484),0.001997232437133789,56.68488311767578
2,48,tensor(53.8484),0.0019969940185546875,56.68488311767578
2,49,tensor(53.8484),0.0009961128234863281,56.68488311767578
2,50,tensor(53.8484),0.001994609832763672,56.68488311767578
2,51,tensor(53.8484),0.0019958019256591797,56.68488311767578
2,52,tensor(53.8484),0.0019948482513427734,56.68488311767578
2,53,tensor(53.8484),0.0019941329956054688,56.68488311767578
2,54,tensor(53.8484),0.001994609832763672,56.68488311767578
2,55,tensor(53.8484),0.001994609832763672,56.68488311767578
2,56,tensor(53.8484),0.0019943714141845703,56.68488311767578
2,57,tensor(53.8484),0.0019943714141845703,56.68488311767578
2,58,tensor(53.8484),0.0019943714141845703,56.68488311767578
2,59,tensor(53.8484),0.0019953250885009766,56.68488311767578
2,60,tensor(53.8484),0.001994609832763672,56.68488311767578
2,61,tensor(53.8484),0.001992940902709961,56.68488311767578
2,62,tensor(53.8484),0.0019948482513427734,56.68488311767578
2,63,tensor(53.8484),0.004987239837646484,56.68488311767578
2,64,tensor(53.8484),0.004986763000488281,56.68488311767578
2,65,tensor(53.8484),0.0049822330474853516,56.68488311767578
2,66,tensor(53.8484),0.003988504409790039,56.68488311767578
2,67,tensor(53.8484),0.003991842269897461,56.68488311767578
2,68,tensor(53.8484),0.001997709274291992,56.68488311767578
2,69,tensor(53.8484),0.001994609832763672,56.68488311767578
2,70,tensor(53.8484),0.0019948482513427734,56.68488311767578
2,71,tensor(53.8484),0.001994609832763672,56.68488311767578
2,72,tensor(53.8484),0.002076864242553711,56.68488311767578
2,73,tensor(53.8484),0.0019948482513427734,56.68488311767578
2,74,tensor(53.8484),0.0019953250885009766,56.68488311767578
2,75,tensor(53.8484),0.0019953250885009766,56.68488311767578
2,76,tensor(53.8484),0.0019943714141845703,56.68488311767578
2,77,tensor(53.8484),0.0019948482513427734,56.68488311767578
2,78,tensor(53.8484),0.001993894577026367,56.68488311767578
2,79,tensor(53.8484),0.001994609832763672,56.68488311767578
2,80,tensor(53.8484),0.0020787715911865234,56.68488311767578
2,81,tensor(53.8484),0.0019919872283935547,56.68488311767578
2,82,tensor(53.8484),0.0019948482513427734,56.68488311767578
2,83,tensor(53.8484),0.001995563507080078,56.68488311767578
2,84,tensor(53.8484),0.0020706653594970703,56.68488311767578
2,85,tensor(53.8484),0.001993894577026367,56.68488311767578
2,86,tensor(53.8484),0.0019960403442382812,56.68488311767578
2,87,tensor(53.8484),0.0009965896606445312,56.68488311767578
2,88,tensor(53.8484),0.004987239837646484,56.68488311767578
2,89,tensor(53.8484),0.0019948482513427734,56.68488311767578
2,90,tensor(53.8484),0.0009982585906982422,56.68488311767578
2,91,tensor(53.8484),0.000997304916381836,56.68488311767578
2,92,tensor(53.8484),0.0009949207305908203,56.68488311767578
2,93,tensor(53.8484),0.001997232437133789,56.68488311767578
2,94,tensor(53.8484),0.001995086669921875,56.68488311767578
2,95,tensor(53.8484),0.0019919872283935547,56.68488311767578
2,96,tensor(53.8484),0.0019941329956054688,56.68488311767578
2,97,tensor(53.8484),0.0019965171813964844,56.68488311767578
2,98,tensor(53.8484),0.001994609832763672,56.68488311767578
2,99,tensor(53.8484),0.0020627975463867188,56.68488311767578
2,100,tensor(53.8484),0.004984617233276367,56.68488311767578
1,0,tensor(58.3443),0.06714439392089844,61.47359848022461
1,1,tensor(58.3443),0.012964963912963867,61.47359848022461
1,2,tensor(33.7824),0.008975982666015625,31.0314998626709
1,3,tensor(33.7824),0.009002685546875,31.0314998626709
1,4,tensor(33.4580),0.009021997451782227,31.652002334594727
1,5,tensor(33.4580),0.020943880081176758,31.652002334594727
1,6,tensor(31.8554),0.01296687126159668,27.759292602539062
1,7,tensor(31.8554),0.008976459503173828,27.759292602539062
1,8,tensor(31.8089),0.008977174758911133,27.46750259399414
1,9,tensor(31.8089),0.01196599006652832,27.46750259399414
1,10,tensor(31.8089),0.014959573745727539,27.46750259399414
1,11,tensor(31.1078),0.01894855499267578,27.8118896484375
1,12,tensor(31.1078),0.02293872833251953,27.8118896484375
1,13,tensor(31.1078),0.02593231201171875,27.8118896484375
1,14,tensor(31.1078),0.02692699432373047,27.8118896484375
1,15,tensor(31.1078),0.02892279624938965,27.8118896484375
1,16,tensor(31.1078),0.03091740608215332,27.8118896484375
1,17,tensor(31.1078),0.028925418853759766,27.8118896484375
1,18,tensor(31.1078),0.043882131576538086,27.8118896484375
1,19,tensor(31.1078),0.060837745666503906,27.8118896484375
1,20,tensor(31.1078),0.08577084541320801,27.8118896484375
1,21,tensor(31.1078),0.09075736999511719,27.8118896484375
1,22,tensor(31.1078),0.08975982666015625,27.8118896484375
1,23,tensor(31.1078),0.08776521682739258,27.8118896484375
1,24,tensor(31.1078),0.10885214805603027,27.8118896484375
1,25,tensor(31.1078),0.08278083801269531,27.8118896484375
1,26,tensor(31.1078),0.08677172660827637,27.8118896484375
1,27,tensor(31.1078),0.09311079978942871,27.8118896484375
1,28,tensor(31.1078),0.10272669792175293,27.8118896484375
1,29,tensor(31.1078),0.09474658966064453,27.8118896484375
1,30,tensor(31.0961),0.11369729042053223,27.754270553588867
1,31,tensor(31.0961),0.10272502899169922,27.754270553588867
1,32,tensor(31.0961),0.09075474739074707,27.754270553588867
1,33,tensor(31.0961),0.10280823707580566,27.754270553588867
1,34,tensor(31.0961),0.10079765319824219,27.754270553588867
1,35,tensor(31.0961),0.09673881530761719,27.754270553588867
1,36,tensor(31.0961),0.09803652763366699,27.754270553588867
1,37,tensor(31.0961),0.08975982666015625,27.754270553588867
1,38,tensor(31.0961),0.07081103324890137,27.754270553588867
1,39,tensor(31.0961),0.0728445053100586,27.754270553588867
1,40,tensor(31.0961),0.07081294059753418,27.754270553588867
1,41,tensor(31.0961),0.06782126426696777,27.754270553588867
1,42,tensor(31.0639),0.05585050582885742,27.886869430541992
1,43,tensor(31.0639),0.06682085990905762,27.886869430541992
1,44,tensor(31.0639),0.08178138732910156,27.886869430541992
1,45,tensor(31.0639),0.0519256591796875,27.886869430541992
1,46,tensor(31.0639),0.05485415458679199,27.886869430541992
1,47,tensor(31.0639),0.06283068656921387,27.886869430541992
1,48,tensor(31.0639),0.058840036392211914,27.886869430541992
1,49,tensor(31.0639),0.06283187866210938,27.886869430541992
1,50,tensor(31.0503),0.07380223274230957,27.793685913085938
1,51,tensor(31.0503),0.07579731941223145,27.793685913085938
1,52,tensor(31.0503),0.07380342483520508,27.793685913085938
1,53,tensor(31.0503),0.06088089942932129,27.793685913085938
1,54,tensor(31.0503),0.08078384399414062,27.793685913085938
1,55,tensor(31.0207),0.07081151008605957,27.84149932861328
1,56,tensor(31.0207),0.05585026741027832,27.84149932861328
1,57,tensor(31.0207),0.040888071060180664,27.84149932861328
1,58,tensor(30.8443),0.06083869934082031,27.41776466369629
1,59,tensor(30.8443),0.07480096817016602,27.41776466369629
1,60,tensor(30.8443),0.09474635124206543,27.41776466369629
1,61,tensor(30.8443),0.09383273124694824,27.41776466369629
1,62,tensor(30.8443),0.09374833106994629,27.41776466369629
1,63,tensor(30.8443),0.07878923416137695,27.41776466369629
1,64,tensor(30.8443),0.06881594657897949,27.41776466369629
1,65,tensor(30.8443),0.07280325889587402,27.41776466369629
1,66,tensor(30.8443),0.08277654647827148,27.41776466369629
1,67,tensor(30.8443),0.07175230979919434,27.41776466369629
1,68,tensor(30.8443),0.07280468940734863,27.41776466369629
1,69,tensor(30.8443),0.06981325149536133,27.41776466369629
1,70,tensor(30.8443),0.07878923416137695,27.41776466369629
1,71,tensor(30.8443),0.07078027725219727,27.41776466369629
1,72,tensor(30.8443),0.08377575874328613,27.41776466369629
1,73,tensor(30.7913),0.09275221824645996,27.431612014770508
1,74,tensor(30.7913),0.08776593208312988,27.431612014770508
1,75,tensor(30.7913),0.06582450866699219,27.431612014770508
1,76,tensor(30.7913),0.06981372833251953,27.431612014770508
1,77,tensor(30.7913),0.06582427024841309,27.431612014770508
1,78,tensor(30.7913),0.04288458824157715,27.431612014770508
1,79,tensor(30.7913),0.039893150329589844,27.431612014770508
1,80,tensor(30.7913),0.05485367774963379,27.431612014770508
1,81,tensor(30.7913),0.05186128616333008,27.431612014770508
1,82,tensor(30.7913),0.034906625747680664,27.431612014770508
1,83,tensor(30.7913),0.032912254333496094,27.431612014770508
1,84,tensor(30.7882),0.029919862747192383,27.40129280090332
1,85,tensor(30.7882),0.026928424835205078,27.40129280090332
1,86,tensor(30.7882),0.0359041690826416,27.40129280090332
1,87,tensor(30.7882),0.03490614891052246,27.40129280090332
1,88,tensor(30.7882),0.030919790267944336,27.40129280090332
1,89,tensor(30.7345),0.03291153907775879,27.509794235229492
1,90,tensor(30.7345),0.0359039306640625,27.509794235229492
1,91,tensor(30.7345),0.03390908241271973,27.509794235229492
1,92,tensor(30.7345),0.05984020233154297,27.509794235229492
1,93,tensor(30.7345),0.03989601135253906,27.509794235229492
1,94,tensor(30.7345),0.042885780334472656,27.509794235229492
1,95,tensor(30.7345),0.04288673400878906,27.509794235229492
1,96,tensor(30.7345),0.04886937141418457,27.509794235229492
1,97,tensor(30.7345),0.06188249588012695,27.509794235229492
1,98,tensor(30.7345),0.060837507247924805,27.509794235229492
1,99,tensor(30.7345),0.04587721824645996,27.509794235229492
1,100,tensor(30.7345),0.05984020233154297,27.509794235229492
2,0,tensor(47.6251),0.07479667663574219,39.12051010131836
2,1,tensor(47.6251),0.016954421997070312,39.12051010131836
2,2,tensor(47.6251),0.03390979766845703,39.12051010131836
2,3,tensor(47.6222),0.010970830917358398,39.11627960205078
2,4,tensor(47.6222),0.010971307754516602,39.11627960205078
2,5,tensor(47.6222),0.015957355499267578,39.11627960205078
2,6,tensor(47.6222),0.021940946578979492,39.11627960205078
2,7,tensor(47.3287),0.02293848991394043,38.90498352050781
2,8,tensor(47.3265),0.02593207359313965,38.90157699584961
2,9,tensor(47.3018),0.03789830207824707,39.93581771850586
2,10,tensor(44.2756),0.08277773857116699,47.59654235839844
2,11,tensor(44.2756),0.0857703685760498,47.59654235839844
2,12,tensor(44.1878),0.10471940040588379,47.495174407958984
2,13,tensor(41.6394),0.2513298988342285,44.503719329833984
2,14,tensor(41.6394),0.23836255073547363,44.503719329833984
2,15,tensor(38.2512),0.1650385856628418,39.16975402832031
2,16,tensor(38.2512),0.2652904987335205,39.16975402832031
2,17,tensor(38.2512),0.41489148139953613,39.16975402832031
2,18,tensor(32.7940),0.42586398124694824,28.958139419555664
2,19,tensor(32.7940),0.29834723472595215,28.958139419555664
2,20,tensor(32.7940),0.18350887298583984,28.958139419555664
2,21,tensor(32.7940),0.2634541988372803,28.958139419555664
2,22,tensor(32.7940),0.1545863151550293,28.958139419555664
2,23,tensor(31.9534),0.24634122848510742,29.68877410888672
2,24,tensor(31.9534),0.17060184478759766,29.68877410888672
2,25,tensor(31.9534),0.16755366325378418,29.68877410888672
2,26,tensor(31.9534),0.24837112426757812,29.68877410888672
2,27,tensor(31.9534),0.4985513687133789,29.68877410888672
2,28,tensor(31.9534),0.40422797203063965,29.68877410888672
2,29,tensor(31.9534),0.2762627601623535,29.68877410888672
2,30,tensor(31.9534),0.40491747856140137,29.68877410888672
2,31,tensor(31.9534),0.29062414169311523,29.68877410888672
2,32,tensor(31.9534),0.369091272354126,29.68877410888672
2,33,tensor(31.7549),0.3959934711456299,28.502378463745117
2,34,tensor(31.7549),0.636812686920166,28.502378463745117
2,35,tensor(31.7549),0.6193850040435791,28.502378463745117
2,36,tensor(31.7549),0.5984005928039551,28.502378463745117
1,0,tensor(70.2395),0.07518625259399414,73.82938385009766
1,1,tensor(68.6406),0.03895974159240723,71.98136138916016
1,2,tensor(68.6406),0.011966943740844727,71.98136138916016
1,3,tensor(68.4610),0.012018918991088867,71.83873748779297
1,4,tensor(59.9193),0.019946575164794922,62.855445861816406
1,5,tensor(59.9193),0.016955137252807617,62.855445861816406
1,6,tensor(59.9193),0.01602959632873535,62.855445861816406
1,7,tensor(59.9193),0.008010625839233398,62.855445861816406
1,8,tensor(59.9193),0.010970592498779297,62.855445861816406
1,9,tensor(56.8918),0.018949031829833984,59.6754264831543
1,10,tensor(53.1842),0.02396225929260254,55.72084045410156
1,11,tensor(53.1842),0.032914161682128906,55.72084045410156
1,12,tensor(42.8371),0.04587697982788086,44.3087272644043
1,13,tensor(40.4770),0.05684995651245117,41.493167877197266
1,14,tensor(40.4770),0.1077120304107666,41.493167877197266
1,15,tensor(39.6141),0.10480403900146484,40.53588104248047
1,16,tensor(34.4708),0.14960002899169922,33.87554931640625
1,17,tensor(31.8988),0.17852306365966797,28.584209442138672
1,18,tensor(31.8988),0.2655630111694336,28.584209442138672
1,19,tensor(31.8988),0.26329612731933594,28.584209442138672
1,20,tensor(31.8988),0.2573115825653076,28.584209442138672
1,21,tensor(31.8988),0.2762608528137207,28.584209442138672
1,22,tensor(31.8988),0.3450753688812256,28.584209442138672
1,23,tensor(31.8988),0.2952113151550293,28.584209442138672
1,24,tensor(31.8988),0.3401763439178467,28.584209442138672
1,25,tensor(31.8988),0.5496792793273926,28.584209442138672
1,26,tensor(31.8988),0.5724716186523438,28.584209442138672
1,27,tensor(31.8988),0.3692469596862793,28.584209442138672
1,28,tensor(31.8988),0.40493059158325195,28.584209442138672
1,29,tensor(31.8988),0.1685490608215332,28.584209442138672
1,30,tensor(30.6849),0.336101770401001,27.555667877197266
1,31,tensor(30.6849),0.3430824279785156,27.555667877197266
1,32,tensor(30.6612),0.34910082817077637,27.609670639038086
1,33,tensor(30.6127),0.4109034538269043,27.65424346923828
1,34,tensor(30.6127),0.41289663314819336,27.65424346923828
1,35,tensor(30.6127),0.7066864967346191,27.65424346923828
1,36,tensor(30.5063),0.6462721824645996,28.383094787597656
1,37,tensor(30.5063),0.8248329162597656,28.383094787597656
1,38,tensor(30.5063),0.6552481651306152,28.383094787597656
1,39,tensor(29.8855),0.9744353294372559,27.75825309753418
1,40,tensor(29.8855),0.9469482898712158,27.75825309753418
1,41,tensor(29.8855),1.161473035812378,27.75825309753418
1,42,tensor(29.8855),1.0003962516784668,27.75825309753418
1,43,tensor(29.8855),0.8874800205230713,27.75825309753418
1,44,tensor(29.8855),0.6722421646118164,27.75825309753418
1,45,tensor(29.8855),1.0292479991912842,27.75825309753418
1,46,tensor(29.8855),0.5515930652618408,27.75825309753418
1,47,tensor(29.8855),0.6831710338592529,27.75825309753418
1,48,tensor(29.8855),0.8497083187103271,27.75825309753418
1,49,tensor(29.8855),0.7658703327178955,27.75825309753418
1,0,tensor(58.2586),0.08113336563110352,61.60490036010742
1,1,tensor(58.2586),0.012059211730957031,61.60490036010742
1,2,tensor(58.2586),0.010968446731567383,61.60490036010742
1,3,tensor(58.2586),0.005983114242553711,61.60490036010742
1,4,tensor(58.2586),0.00605010986328125,61.60490036010742
1,5,tensor(58.2586),0.0059814453125,61.60490036010742
1,6,tensor(58.2586),0.0059833526611328125,61.60490036010742
1,7,tensor(58.2586),0.006054878234863281,61.60490036010742
1,8,tensor(58.2586),0.003988742828369141,61.60490036010742
1,9,tensor(58.2586),0.0019910335540771484,61.60490036010742
1,10,tensor(58.2586),0.0019958019256591797,61.60490036010742
1,11,tensor(58.2586),0.001995563507080078,61.60490036010742
1,12,tensor(58.2586),0.001994609832763672,61.60490036010742
1,13,tensor(58.2586),0.001995563507080078,61.60490036010742
1,14,tensor(53.8741),0.001994609832763672,56.585872650146484
1,15,tensor(53.8741),0.0019953250885009766,56.585872650146484
1,16,tensor(53.8741),0.002991914749145508,56.585872650146484
1,17,tensor(53.8741),0.003988027572631836,56.585872650146484
1,18,tensor(53.8741),0.0019953250885009766,56.585872650146484
1,19,tensor(53.8741),0.0019927024841308594,56.585872650146484
1,20,tensor(53.8741),0.0019943714141845703,56.585872650146484
1,21,tensor(53.8741),0.0019948482513427734,56.585872650146484
1,22,tensor(53.8741),0.001994609832763672,56.585872650146484
1,23,tensor(53.8741),0.001993894577026367,56.585872650146484
1,24,tensor(53.8741),0.0019943714141845703,56.585872650146484
1,25,tensor(53.8741),0.0019948482513427734,56.585872650146484
1,26,tensor(53.8741),0.0029892921447753906,56.585872650146484
1,27,tensor(53.8741),0.001991748809814453,56.585872650146484
1,28,tensor(53.8741),0.0019948482513427734,56.585872650146484
1,29,tensor(53.8741),0.0019948482513427734,56.585872650146484
1,30,tensor(53.8741),0.0019948482513427734,56.585872650146484
1,31,tensor(53.8741),0.001994609832763672,56.585872650146484
1,32,tensor(53.8741),0.0019941329956054688,56.585872650146484
1,33,tensor(53.8741),0.0029914379119873047,56.585872650146484
1,34,tensor(53.8741),0.0019948482513427734,56.585872650146484
1,35,tensor(53.8741),0.0019941329956054688,56.585872650146484
1,36,tensor(53.8741),0.001994609832763672,56.585872650146484
1,37,tensor(53.8741),0.0019943714141845703,56.585872650146484
1,38,tensor(53.8741),0.001994609832763672,56.585872650146484
1,39,tensor(53.8741),0.001994609832763672,56.585872650146484
1,40,tensor(53.8741),0.0029916763305664062,56.585872650146484
1,41,tensor(53.8741),0.001994609832763672,56.585872650146484
1,42,tensor(53.8741),0.0019948482513427734,56.585872650146484
1,43,tensor(53.8741),0.001994609832763672,56.585872650146484
1,44,tensor(53.8741),0.001997709274291992,56.585872650146484
1,45,tensor(53.8741),0.001992940902709961,56.585872650146484
1,46,tensor(53.8741),0.002995014190673828,56.585872650146484
1,47,tensor(53.8741),0.001995086669921875,56.585872650146484
1,48,tensor(53.8741),0.001994609832763672,56.585872650146484
1,49,tensor(53.8741),0.002991199493408203,56.585872650146484
1,50,tensor(53.8741),0.0019960403442382812,56.585872650146484
1,51,tensor(53.8741),0.0010001659393310547,56.585872650146484
1,52,tensor(53.8741),0.0019919872283935547,56.585872650146484
1,53,tensor(53.8741),0.000997304916381836,56.585872650146484
1,54,tensor(53.8741),0.005986690521240234,56.585872650146484
1,55,tensor(53.8741),0.0059812068939208984,56.585872650146484
1,56,tensor(53.8741),0.0059812068939208984,56.585872650146484
1,57,tensor(53.8741),0.004986763000488281,56.585872650146484
1,58,tensor(53.8741),0.003990650177001953,56.585872650146484
1,59,tensor(53.8741),0.002991199493408203,56.585872650146484
1,60,tensor(53.8741),0.002991914749145508,56.585872650146484
1,61,tensor(53.8741),0.003989458084106445,56.585872650146484
1,62,tensor(53.8741),0.003989696502685547,56.585872650146484
1,63,tensor(53.8741),0.0019969940185546875,56.585872650146484
1,64,tensor(53.8741),0.001994609832763672,56.585872650146484
1,65,tensor(53.8741),0.0019960403442382812,56.585872650146484
1,66,tensor(53.8741),0.0019948482513427734,56.585872650146484
1,67,tensor(53.8741),0.001992464065551758,56.585872650146484
1,68,tensor(53.8741),0.002991914749145508,56.585872650146484
1,69,tensor(53.8741),0.001994609832763672,56.585872650146484
1,70,tensor(53.8741),0.0019969940185546875,56.585872650146484
1,71,tensor(53.8741),0.0019948482513427734,56.585872650146484
1,72,tensor(53.8741),0.0019958019256591797,56.585872650146484
1,73,tensor(53.8741),0.004987001419067383,56.585872650146484
1,74,tensor(53.8741),0.002991199493408203,56.585872650146484
1,75,tensor(53.8741),0.0019958019256591797,56.585872650146484
1,76,tensor(53.8741),0.001994609832763672,56.585872650146484
1,77,tensor(53.8741),0.0019948482513427734,56.585872650146484
1,78,tensor(53.8741),0.0009970664978027344,56.585872650146484
1,79,tensor(53.8741),0.0019941329956054688,56.585872650146484
1,80,tensor(53.8741),0.001995086669921875,56.585872650146484
1,81,tensor(53.8741),0.001994609832763672,56.585872650146484
1,82,tensor(53.8741),0.0019943714141845703,56.585872650146484
1,83,tensor(53.8741),0.0019953250885009766,56.585872650146484
1,84,tensor(47.8692),0.0019943714141845703,48.335636138916016
1,85,tensor(47.8692),0.0029926300048828125,48.335636138916016
1,86,tensor(47.8692),0.0019965171813964844,48.335636138916016
1,87,tensor(47.8692),0.0019948482513427734,48.335636138916016
1,88,tensor(47.8692),0.001995563507080078,48.335636138916016
1,89,tensor(47.8692),0.0019948482513427734,48.335636138916016
1,90,tensor(47.8692),0.001994609832763672,48.335636138916016
1,91,tensor(47.8692),0.001994609832763672,48.335636138916016
1,92,tensor(47.8692),0.0029926300048828125,48.335636138916016
1,93,tensor(47.8692),0.0019943714141845703,48.335636138916016
1,94,tensor(47.8692),0.0019943714141845703,48.335636138916016
1,95,tensor(47.8692),0.001994609832763672,48.335636138916016
1,96,tensor(47.8692),0.001994609832763672,48.335636138916016
1,97,tensor(47.8692),0.001994609832763672,48.335636138916016
1,98,tensor(47.8692),0.001994609832763672,48.335636138916016
1,99,tensor(47.8692),0.001994609832763672,48.335636138916016
1,100,tensor(47.8692),0.0029916763305664062,48.335636138916016
2,0,tensor(70.2283),0.10770845413208008,74.482177734375
2,1,tensor(67.0161),0.015957355499267578,71.90491485595703
2,2,tensor(67.0161),0.011967658996582031,71.90491485595703
2,3,tensor(67.0161),0.009973287582397461,71.90491485595703
2,4,tensor(67.0161),0.008975982666015625,71.90491485595703
2,5,tensor(67.0161),0.007978439331054688,71.90491485595703
2,6,tensor(67.0161),0.00498652458190918,71.90491485595703
2,7,tensor(67.0161),0.003989219665527344,71.90491485595703
2,8,tensor(67.0161),0.0030434131622314453,71.90491485595703
2,9,tensor(66.6663),0.001994609832763672,71.05458068847656
2,10,tensor(66.6663),0.0019943714141845703,71.05458068847656
2,11,tensor(66.6663),0.0019948482513427734,71.05458068847656
2,12,tensor(66.6663),0.002022981643676758,71.05458068847656
2,13,tensor(66.6663),0.001994609832763672,71.05458068847656
2,14,tensor(66.6663),0.001994609832763672,71.05458068847656
2,15,tensor(47.9393),0.0029914379119873047,48.05418014526367
2,16,tensor(47.9393),0.0020248889923095703,48.05418014526367
2,17,tensor(47.9393),0.0019943714141845703,48.05418014526367
2,18,tensor(47.9393),0.0019941329956054688,48.05418014526367
2,19,tensor(47.9393),0.0029916763305664062,48.05418014526367
2,20,tensor(47.9393),0.002992391586303711,48.05418014526367
2,21,tensor(47.9393),0.0030243396759033203,48.05418014526367
2,22,tensor(47.9393),0.0019943714141845703,48.05418014526367
2,23,tensor(47.9393),0.0019941329956054688,48.05418014526367
2,24,tensor(47.9393),0.0019948482513427734,48.05418014526367
2,25,tensor(47.9393),0.0030164718627929688,48.05418014526367
2,26,tensor(47.9393),0.001995086669921875,48.05418014526367
2,27,tensor(47.9393),0.001995563507080078,48.05418014526367
2,28,tensor(47.9393),0.0019953250885009766,48.05418014526367
2,29,tensor(47.9393),0.001993894577026367,48.05418014526367
2,30,tensor(47.9393),0.001996278762817383,48.05418014526367
2,31,tensor(47.9393),0.0019948482513427734,48.05418014526367
2,32,tensor(47.9393),0.0019948482513427734,48.05418014526367
2,33,tensor(47.9393),0.0019941329956054688,48.05418014526367
2,34,tensor(47.9393),0.0029916763305664062,48.05418014526367
2,35,tensor(47.9393),0.0019948482513427734,48.05418014526367
2,36,tensor(47.9393),0.0019948482513427734,48.05418014526367
2,37,tensor(47.9393),0.0019948482513427734,48.05418014526367
2,38,tensor(47.9393),0.001994609832763672,48.05418014526367
2,39,tensor(47.9393),0.0029914379119873047,48.05418014526367
2,40,tensor(47.9393),0.001994609832763672,48.05418014526367
2,41,tensor(47.9393),0.001994609832763672,48.05418014526367
2,42,tensor(47.9393),0.0019948482513427734,48.05418014526367
2,43,tensor(47.9393),0.0019943714141845703,48.05418014526367
2,44,tensor(47.9393),0.001993894577026367,48.05418014526367
2,45,tensor(47.9393),0.0019943714141845703,48.05418014526367
2,46,tensor(47.9393),0.0019948482513427734,48.05418014526367
2,47,tensor(47.9393),0.0030546188354492188,48.05418014526367
2,48,tensor(47.9393),0.001992940902709961,48.05418014526367
2,49,tensor(47.9393),0.0019948482513427734,48.05418014526367
2,50,tensor(47.9393),0.0019943714141845703,48.05418014526367
2,51,tensor(47.9393),0.000997304916381836,48.05418014526367
2,52,tensor(47.9393),0.001993417739868164,48.05418014526367
2,53,tensor(47.9393),0.0019948482513427734,48.05418014526367
2,54,tensor(47.9393),0.006983518600463867,48.05418014526367
2,55,tensor(47.9393),0.006981849670410156,48.05418014526367
2,56,tensor(47.9393),0.006983041763305664,48.05418014526367
2,57,tensor(47.9393),0.003989219665527344,48.05418014526367
2,58,tensor(47.9393),0.0039920806884765625,48.05418014526367
2,59,tensor(47.9393),0.002992391586303711,48.05418014526367
2,60,tensor(47.9393),0.0019974708557128906,48.05418014526367
2,61,tensor(47.9393),0.0029921531677246094,48.05418014526367
2,62,tensor(47.9393),0.002990245819091797,48.05418014526367
2,63,tensor(47.9393),0.001995086669921875,48.05418014526367
2,64,tensor(47.9393),0.005983829498291016,48.05418014526367
2,65,tensor(47.9393),0.0019969940185546875,48.05418014526367
2,66,tensor(47.9393),0.00498652458190918,48.05418014526367
2,67,tensor(47.9393),0.0019943714141845703,48.05418014526367
2,68,tensor(47.9393),0.00498652458190918,48.05418014526367
2,69,tensor(47.9393),0.0019948482513427734,48.05418014526367
2,70,tensor(47.9393),0.0019948482513427734,48.05418014526367
2,71,tensor(47.9393),0.0019948482513427734,48.05418014526367
2,72,tensor(47.9393),0.005984067916870117,48.05418014526367
2,73,tensor(47.9393),0.0019943714141845703,48.05418014526367
2,74,tensor(47.9393),0.004987239837646484,48.05418014526367
2,75,tensor(47.9393),0.0029916763305664062,48.05418014526367
2,76,tensor(47.9393),0.005983829498291016,48.05418014526367
2,77,tensor(47.9393),0.002992391586303711,48.05418014526367
2,78,tensor(47.9393),0.005983829498291016,48.05418014526367
2,79,tensor(47.9393),0.0019943714141845703,48.05418014526367
2,80,tensor(47.9393),0.0049860477447509766,48.05418014526367
2,81,tensor(47.9393),0.0019943714141845703,48.05418014526367
2,82,tensor(47.9393),0.005983591079711914,48.05418014526367
2,83,tensor(47.9393),0.005985736846923828,48.05418014526367
2,84,tensor(47.9393),0.005983829498291016,48.05418014526367
2,85,tensor(47.9393),0.004988670349121094,48.05418014526367
2,86,tensor(47.9393),0.00398707389831543,48.05418014526367
2,87,tensor(47.9393),0.002993345260620117,48.05418014526367
2,88,tensor(47.9393),0.002076864242553711,48.05418014526367
2,89,tensor(47.9393),0.0059871673583984375,48.05418014526367
2,90,tensor(47.9393),0.0019919872283935547,48.05418014526367
2,91,tensor(47.9393),0.005063533782958984,48.05418014526367
2,92,tensor(47.9393),0.0009961128234863281,48.05418014526367
2,93,tensor(47.9393),0.005985736846923828,48.05418014526367
2,94,tensor(47.9393),0.0019974708557128906,48.05418014526367
2,95,tensor(47.9393),0.005983591079711914,48.05418014526367
2,96,tensor(47.9393),0.0019969940185546875,48.05418014526367
2,97,tensor(47.9393),0.005982160568237305,48.05418014526367
2,98,tensor(47.9393),0.001995086669921875,48.05418014526367
2,99,tensor(47.9393),0.00498652458190918,48.05418014526367
2,100,tensor(47.9393),0.001996755599975586,48.05418014526367
1,0,tensor(48.3614),0.07080841064453125,39.56791305541992
1,1,tensor(48.3614),0.018949270248413086,39.56791305541992
1,2,tensor(47.8445),0.014960527420043945,40.1204833984375
1,3,tensor(47.8260),0.015956640243530273,40.0939826965332
1,4,tensor(47.8260),0.01495981216430664,40.0939826965332
1,5,tensor(47.8260),0.021941184997558594,40.0939826965332
1,6,tensor(47.8260),0.01495981216430664,40.0939826965332
1,7,tensor(47.8260),0.019947290420532227,40.0939826965332
1,8,tensor(46.8392),0.015956640243530273,41.372215270996094
1,9,tensor(46.8392),0.01695537567138672,41.372215270996094
1,10,tensor(46.6629),0.020944833755493164,40.98896026611328
1,11,tensor(46.6629),0.026928186416625977,40.98896026611328
1,12,tensor(46.6629),0.04188823699951172,40.98896026611328
1,13,tensor(46.6629),0.03789854049682617,40.98896026611328
1,14,tensor(46.6629),0.04787182807922363,40.98896026611328
1,15,tensor(46.6305),0.03690171241760254,40.94166564941406
1,16,tensor(46.6305),0.04088854789733887,40.94166564941406
1,17,tensor(46.6305),0.04288506507873535,40.94166564941406
1,18,tensor(46.6305),0.052850961685180664,40.94166564941406
1,19,tensor(46.5801),0.0548551082611084,40.80242156982422
1,20,tensor(46.5801),0.061833858489990234,40.80242156982422
1,21,tensor(46.5801),0.05984020233154297,40.80242156982422
1,22,tensor(46.5801),0.05585122108459473,40.80242156982422
1,23,tensor(46.5000),0.08059811592102051,40.63319778442383
1,24,tensor(46.5000),0.09674310684204102,40.63319778442383
1,25,tensor(46.5000),0.14711570739746094,40.63319778442383
1,26,tensor(46.3601),0.1376333236694336,40.31803894042969
1,27,tensor(46.3601),0.08877062797546387,40.31803894042969
1,28,tensor(45.9134),0.08293008804321289,42.890323638916016
1,29,tensor(45.8799),0.11568999290466309,42.90081024169922
1,30,tensor(45.6600),0.12067675590515137,43.65201950073242
1,31,tensor(45.6600),0.17253851890563965,43.65201950073242
1,32,tensor(45.6600),0.17562365531921387,43.65201950073242
1,33,tensor(45.6600),0.204758882522583,43.65201950073242
1,34,tensor(45.4119),0.34577298164367676,43.22583770751953
1,35,tensor(45.4119),0.4089047908782959,43.22583770751953
1,36,tensor(45.4119),0.5385680198669434,43.22583770751953
1,37,tensor(45.4119),0.5799791812896729,43.22583770751953
1,38,tensor(45.4119),0.471820592880249,43.22583770751953
1,39,tensor(45.4119),0.4797239303588867,43.22583770751953
1,40,tensor(45.4119),0.440112829208374,43.22583770751953
1,41,tensor(45.2697),0.43782925605773926,43.69571304321289
1,42,tensor(45.2616),0.46364426612854004,43.68087387084961
1,43,tensor(45.2616),0.44195103645324707,43.68087387084961
1,44,tensor(45.2616),0.4906959533691406,43.68087387084961
1,45,tensor(44.8736),0.3720128536224365,41.881465911865234
1,46,tensor(44.8736),0.32862353324890137,41.881465911865234
1,47,tensor(44.8736),0.382976770401001,41.881465911865234
1,48,tensor(44.6391),0.38149547576904297,41.49497985839844
1,49,tensor(44.6391),0.2563152313232422,41.49497985839844
1,50,tensor(44.5924),0.2593059539794922,42.06727981567383
1,51,tensor(44.3655),0.39095520973205566,40.2008171081543
1,52,tensor(44.0615),0.47373342514038086,40.32614517211914
1,53,tensor(44.0492),0.5056476593017578,39.64986801147461
1,54,tensor(44.0492),0.3361032009124756,39.64986801147461
1,55,tensor(44.0492),0.3610343933105469,39.64986801147461
1,56,tensor(43.2075),0.4338407516479492,39.65879440307617
1,57,tensor(43.2075),0.5880959033966064,39.65879440307617
1,58,tensor(42.7215),0.47106313705444336,41.08562088012695
1,59,tensor(42.1232),0.6063785552978516,37.470882415771484
1,60,tensor(42.1232),0.7201101779937744,37.470882415771484
1,61,tensor(40.0728),0.5143821239471436,34.05568313598633
1,62,tensor(40.0728),0.5744643211364746,34.05568313598633
1,63,tensor(40.0728),0.5001494884490967,34.05568313598633
1,64,tensor(40.0728),0.594102144241333,34.05568313598633
1,65,tensor(40.0728),0.6273477077484131,34.05568313598633
1,66,tensor(40.0728),0.5605013370513916,34.05568313598633
1,67,tensor(40.0728),0.25032997131347656,34.05568313598633
1,68,tensor(40.0728),0.3949728012084961,34.05568313598633
1,69,tensor(40.0728),0.4747316837310791,34.05568313598633
1,70,tensor(40.0728),0.4170088768005371,34.05568313598633
1,71,tensor(40.0728),0.42290353775024414,34.05568313598633
1,72,tensor(40.0728),0.5156216621398926,34.05568313598633
1,73,tensor(40.0241),0.8926701545715332,38.87651824951172
1,74,tensor(40.0155),1.0418434143066406,33.74003982543945
1,75,tensor(39.3874),0.6423139572143555,33.156917572021484
1,76,tensor(39.3874),0.5894596576690674,33.156917572021484
1,77,tensor(39.3874),0.9704058170318604,33.156917572021484
1,78,tensor(39.3874),0.8637306690216064,33.156917572021484
1,79,tensor(39.3874),0.8069605827331543,33.156917572021484
1,80,tensor(39.3874),0.7201101779937744,33.156917572021484
1,81,tensor(39.3874),0.5106701850891113,33.156917572021484
1,82,tensor(38.3477),0.3955416679382324,34.224853515625
1,83,tensor(38.3477),0.5535190105438232,34.224853515625
1,84,tensor(38.3477),0.45424389839172363,34.224853515625
1,85,tensor(38.3477),0.45378756523132324,34.224853515625
1,86,tensor(38.3477),0.7810337543487549,34.224853515625
1,87,tensor(38.3477),0.6712055206298828,34.224853515625
1,88,tensor(38.3477),0.9764275550842285,34.224853515625
1,89,tensor(38.3477),0.5206098556518555,34.224853515625
1,90,tensor(38.3477),0.5141949653625488,34.224853515625
1,91,tensor(38.3477),0.5914206504821777,34.224853515625
1,92,tensor(38.3477),0.8606984615325928,34.224853515625
1,93,tensor(37.8814),0.4644737243652344,37.83374786376953
1,94,tensor(37.8814),0.7709381580352783,37.83374786376953
1,95,tensor(36.3608),0.5684807300567627,35.5720100402832
1,96,tensor(36.3608),0.6602725982666016,35.5720100402832
1,97,tensor(36.3608),0.39594078063964844,35.5720100402832
1,98,tensor(36.3608),0.47074198722839355,35.5720100402832
1,99,tensor(36.3608),0.4568140506744385,35.5720100402832
1,100,tensor(36.3608),0.32413291931152344,35.5720100402832
2,0,tensor(67.8649),0.059836626052856445,72.5858383178711
2,1,tensor(63.7974),0.018949270248413086,68.23046112060547
2,2,tensor(53.8484),0.01495981216430664,56.68488311767578
2,3,tensor(53.8484),0.005984067916870117,56.68488311767578
2,4,tensor(53.8484),0.004987001419067383,56.68488311767578
2,5,tensor(53.8484),0.005984067916870117,56.68488311767578
2,6,tensor(53.8484),0.007979154586791992,56.68488311767578
2,7,tensor(53.8484),0.005984306335449219,56.68488311767578
2,8,tensor(53.8484),0.002991914749145508,56.68488311767578
2,9,tensor(53.8484),0.0019943714141845703,56.68488311767578
2,10,tensor(53.8484),0.0019948482513427734,56.68488311767578
2,11,tensor(53.8484),0.0019943714141845703,56.68488311767578
2,12,tensor(53.8484),0.001994609832763672,56.68488311767578
2,13,tensor(53.8484),0.001994609832763672,56.68488311767578
2,14,tensor(53.8484),0.001994609832763672,56.68488311767578
2,15,tensor(53.8484),0.004986286163330078,56.68488311767578
2,16,tensor(53.8484),0.004986763000488281,56.68488311767578
2,17,tensor(53.8484),0.00498652458190918,56.68488311767578
2,18,tensor(53.8484),0.001994609832763672,56.68488311767578
2,19,tensor(53.8484),0.0019948482513427734,56.68488311767578
2,20,tensor(53.8484),0.001994609832763672,56.68488311767578
2,21,tensor(53.8484),0.0019948482513427734,56.68488311767578
2,22,tensor(53.8484),0.0019948482513427734,56.68488311767578
2,23,tensor(53.8484),0.0020334720611572266,56.68488311767578
2,24,tensor(53.8484),0.001994609832763672,56.68488311767578
2,25,tensor(53.8484),0.001997709274291992,56.68488311767578
2,26,tensor(53.8484),0.001994609832763672,56.68488311767578
2,27,tensor(53.8484),0.0020296573638916016,56.68488311767578
2,28,tensor(53.8484),0.0019943714141845703,56.68488311767578
2,29,tensor(53.8484),0.0019943714141845703,56.68488311767578
2,30,tensor(53.8484),0.000997304916381836,56.68488311767578
2,31,tensor(53.8484),0.002033233642578125,56.68488311767578
2,32,tensor(53.8484),0.0029921531677246094,56.68488311767578
2,33,tensor(53.8484),0.0019948482513427734,56.68488311767578
2,34,tensor(53.8484),0.000997304916381836,56.68488311767578
2,35,tensor(53.8484),0.0010232925415039062,56.68488311767578
2,36,tensor(53.8484),0.0019948482513427734,56.68488311767578
2,37,tensor(53.8484),0.0019948482513427734,56.68488311767578
2,38,tensor(53.8484),0.001994609832763672,56.68488311767578
2,39,tensor(53.8484),0.002019643783569336,56.68488311767578
2,40,tensor(53.8484),0.0019943714141845703,56.68488311767578
2,41,tensor(53.8484),0.001994609832763672,56.68488311767578
2,42,tensor(53.8484),0.001994609832763672,56.68488311767578
2,43,tensor(53.8484),0.002032041549682617,56.68488311767578
2,44,tensor(53.8484),0.0019948482513427734,56.68488311767578
2,45,tensor(53.8484),0.0009970664978027344,56.68488311767578
2,46,tensor(53.8484),0.0019943714141845703,56.68488311767578
2,47,tensor(53.8484),0.0019948482513427734,56.68488311767578
2,48,tensor(53.8484),0.001996755599975586,56.68488311767578
2,49,tensor(53.8484),0.0019948482513427734,56.68488311767578
2,50,tensor(53.8484),0.0019943714141845703,56.68488311767578
2,51,tensor(53.8484),0.0019953250885009766,56.68488311767578
2,52,tensor(53.8484),0.0019927024841308594,56.68488311767578
2,53,tensor(53.8484),0.0019969940185546875,56.68488311767578
2,54,tensor(53.8484),0.0010752677917480469,56.68488311767578
2,55,tensor(53.8484),0.004986763000488281,56.68488311767578
2,56,tensor(53.8484),0.004986286163330078,56.68488311767578
2,57,tensor(53.8484),0.005984067916870117,56.68488311767578
2,58,tensor(53.8484),0.004987001419067383,56.68488311767578
2,59,tensor(53.8484),0.0029916763305664062,56.68488311767578
2,60,tensor(53.8484),0.002991914749145508,56.68488311767578
2,61,tensor(53.8484),0.0029926300048828125,56.68488311767578
2,62,tensor(53.8484),0.001994609832763672,56.68488311767578
2,63,tensor(53.8484),0.0029916763305664062,56.68488311767578
2,64,tensor(53.8484),0.0020606517791748047,56.68488311767578
2,65,tensor(53.8484),0.002992391586303711,56.68488311767578
2,66,tensor(53.8484),0.0029916763305664062,56.68488311767578
2,67,tensor(53.8484),0.001993894577026367,56.68488311767578
2,68,tensor(53.8484),0.00503993034362793,56.68488311767578
2,69,tensor(53.8484),0.004987239837646484,56.68488311767578
2,70,tensor(53.8484),0.0019943714141845703,56.68488311767578
2,71,tensor(53.8484),0.001990079879760742,56.68488311767578
2,72,tensor(53.8484),0.0009980201721191406,56.68488311767578
2,73,tensor(53.8484),0.0009970664978027344,56.68488311767578
2,74,tensor(53.8484),0.0009965896606445312,56.68488311767578
2,75,tensor(53.8484),0.001994609832763672,56.68488311767578
2,76,tensor(53.8484),0.0019948482513427734,56.68488311767578
2,77,tensor(53.8484),0.0019948482513427734,56.68488311767578
2,78,tensor(53.8484),0.0019948482513427734,56.68488311767578
2,79,tensor(53.8484),0.0019948482513427734,56.68488311767578
2,80,tensor(53.8484),0.001994609832763672,56.68488311767578
2,81,tensor(53.8484),0.001994609832763672,56.68488311767578
2,82,tensor(53.8484),0.0019948482513427734,56.68488311767578
2,83,tensor(53.8484),0.0019948482513427734,56.68488311767578
2,84,tensor(53.8484),0.001996278762817383,56.68488311767578
2,85,tensor(53.8484),0.001993417739868164,56.68488311767578
2,86,tensor(53.8484),0.0009965896606445312,56.68488311767578
2,87,tensor(53.8484),0.0009968280792236328,56.68488311767578
2,88,tensor(53.8484),0.000997304916381836,56.68488311767578
2,89,tensor(53.8484),0.0019943714141845703,56.68488311767578
2,90,tensor(53.8484),0.0019996166229248047,56.68488311767578
2,91,tensor(53.8484),0.00498199462890625,56.68488311767578
2,92,tensor(53.8484),0.004986286163330078,56.68488311767578
2,93,tensor(53.8484),0.004986286163330078,56.68488311767578
2,94,tensor(53.8484),0.003989219665527344,56.68488311767578
2,95,tensor(53.8484),0.003989458084106445,56.68488311767578
2,96,tensor(53.8484),0.003991127014160156,56.68488311767578
2,97,tensor(53.8484),0.0029897689819335938,56.68488311767578
2,98,tensor(53.8484),0.0029926300048828125,56.68488311767578
2,99,tensor(53.8484),0.0029916763305664062,56.68488311767578
2,100,tensor(53.8484),0.001994609832763672,56.68488311767578
1,0,tensor(53.8741),0.06781888008117676,56.585872650146484
1,1,tensor(53.8741),0.016952991485595703,56.585872650146484
1,2,tensor(53.8741),0.007978677749633789,56.585872650146484
1,3,tensor(53.8741),0.003989458084106445,56.585872650146484
1,4,tensor(53.8741),0.0029914379119873047,56.585872650146484
1,5,tensor(53.8741),0.0019953250885009766,56.585872650146484
1,6,tensor(53.8741),0.001994609832763672,56.585872650146484
1,7,tensor(53.8741),0.0019948482513427734,56.585872650146484
1,8,tensor(53.8741),0.001994609832763672,56.585872650146484
1,9,tensor(53.8741),0.0029926300048828125,56.585872650146484
1,10,tensor(53.8741),0.001995086669921875,56.585872650146484
1,11,tensor(53.8741),0.0019941329956054688,56.585872650146484
1,12,tensor(53.8741),0.001994609832763672,56.585872650146484
1,13,tensor(53.8741),0.0009970664978027344,56.585872650146484
1,14,tensor(53.8741),0.001995086669921875,56.585872650146484
1,15,tensor(53.8741),0.0019960403442382812,56.585872650146484
1,16,tensor(53.8741),0.0019948482513427734,56.585872650146484
1,17,tensor(53.8741),0.0019948482513427734,56.585872650146484
1,18,tensor(53.8741),0.001994609832763672,56.585872650146484
1,19,tensor(53.8741),0.0019927024841308594,56.585872650146484
1,20,tensor(53.8741),0.0019965171813964844,56.585872650146484
1,21,tensor(53.8741),0.0019948482513427734,56.585872650146484
1,22,tensor(53.8741),0.001994609832763672,56.585872650146484
1,23,tensor(53.8741),0.0019943714141845703,56.585872650146484
1,24,tensor(53.8741),0.001994609832763672,56.585872650146484
1,25,tensor(53.8741),0.0019922256469726562,56.585872650146484
1,26,tensor(53.8741),0.001994609832763672,56.585872650146484
1,27,tensor(53.8741),0.001994609832763672,56.585872650146484
1,28,tensor(53.8741),0.0019948482513427734,56.585872650146484
1,29,tensor(53.8741),0.001995086669921875,56.585872650146484
1,30,tensor(53.8741),0.0019943714141845703,56.585872650146484
1,31,tensor(53.8741),0.0019948482513427734,56.585872650146484
1,32,tensor(53.8741),0.0009970664978027344,56.585872650146484
1,33,tensor(53.8741),0.001994609832763672,56.585872650146484
1,34,tensor(53.8741),0.0019943714141845703,56.585872650146484
1,35,tensor(53.8741),0.0019941329956054688,56.585872650146484
1,36,tensor(53.8741),0.0019941329956054688,56.585872650146484
1,37,tensor(53.8741),0.001995086669921875,56.585872650146484
1,38,tensor(53.8741),0.0019953250885009766,56.585872650146484
1,39,tensor(53.8741),0.0019948482513427734,56.585872650146484
1,40,tensor(53.8741),0.0019943714141845703,56.585872650146484
1,41,tensor(53.8741),0.0019943714141845703,56.585872650146484
1,42,tensor(53.8741),0.0009489059448242188,56.585872650146484
1,43,tensor(53.8741),0.0009968280792236328,56.585872650146484
1,44,tensor(53.8741),0.0020287036895751953,56.585872650146484
1,45,tensor(53.8741),0.001995563507080078,56.585872650146484
1,46,tensor(53.8741),0.0019943714141845703,56.585872650146484
1,47,tensor(53.8741),0.001995086669921875,56.585872650146484
1,48,tensor(53.8741),0.002031564712524414,56.585872650146484
1,49,tensor(53.8741),0.0019948482513427734,56.585872650146484
1,50,tensor(53.8741),0.001994609832763672,56.585872650146484
1,51,tensor(53.8741),0.0019948482513427734,56.585872650146484
1,52,tensor(53.8741),0.0020329952239990234,56.585872650146484
1,53,tensor(53.8741),0.001994609832763672,56.585872650146484
1,54,tensor(53.8741),0.0019948482513427734,56.585872650146484
1,55,tensor(53.8741),0.000997781753540039,56.585872650146484
1,56,tensor(53.8741),0.0020325183868408203,56.585872650146484
1,57,tensor(53.8741),0.001994609832763672,56.585872650146484
1,58,tensor(53.8741),0.0019948482513427734,56.585872650146484
1,59,tensor(53.8741),0.0009970664978027344,56.585872650146484
1,60,tensor(53.8741),0.0019936561584472656,56.585872650146484
1,61,tensor(53.8741),0.0019948482513427734,56.585872650146484
1,62,tensor(53.8741),0.0019943714141845703,56.585872650146484
1,63,tensor(53.8741),0.001994609832763672,56.585872650146484
1,64,tensor(53.8741),0.001995086669921875,56.585872650146484
1,65,tensor(53.8741),0.0019948482513427734,56.585872650146484
1,66,tensor(53.8741),0.0019948482513427734,56.585872650146484
1,67,tensor(53.8741),0.001995086669921875,56.585872650146484
1,68,tensor(53.8741),0.001994609832763672,56.585872650146484
1,69,tensor(53.8741),0.0019948482513427734,56.585872650146484
1,70,tensor(53.8741),0.0019948482513427734,56.585872650146484
1,71,tensor(53.8741),0.0009958744049072266,56.585872650146484
1,72,tensor(53.8741),0.0009975433349609375,56.585872650146484
1,73,tensor(53.8741),0.0009965896606445312,56.585872650146484
1,74,tensor(53.8741),0.0019943714141845703,56.585872650146484
1,75,tensor(53.8741),0.002000093460083008,56.585872650146484
1,76,tensor(53.8741),0.002002239227294922,56.585872650146484
1,77,tensor(53.8741),0.001994609832763672,56.585872650146484
1,78,tensor(53.8741),0.001995086669921875,56.585872650146484
1,79,tensor(53.8741),0.0019948482513427734,56.585872650146484
1,80,tensor(53.8741),0.0019953250885009766,56.585872650146484
1,81,tensor(53.8741),0.001993417739868164,56.585872650146484
1,82,tensor(53.8741),0.000997304916381836,56.585872650146484
1,83,tensor(53.8741),0.000997304916381836,56.585872650146484
1,84,tensor(53.8741),0.0009970664978027344,56.585872650146484
1,85,tensor(53.8741),0.001995086669921875,56.585872650146484
1,86,tensor(53.8741),0.001994609832763672,56.585872650146484
1,87,tensor(53.8741),0.0009968280792236328,56.585872650146484
1,88,tensor(53.8741),0.001994609832763672,56.585872650146484
1,89,tensor(53.8741),0.0019936561584472656,56.585872650146484
1,90,tensor(53.8741),0.001994609832763672,56.585872650146484
1,91,tensor(53.8741),0.0019953250885009766,56.585872650146484
1,92,tensor(53.8741),0.0019958019256591797,56.585872650146484
1,93,tensor(53.8741),0.0019936561584472656,56.585872650146484
1,94,tensor(53.8741),0.0019965171813964844,56.585872650146484
1,95,tensor(53.8741),0.001994609832763672,56.585872650146484
1,96,tensor(53.8741),0.0019943714141845703,56.585872650146484
1,97,tensor(53.8741),0.0019941329956054688,56.585872650146484
1,98,tensor(53.8741),0.0019948482513427734,56.585872650146484
1,99,tensor(53.8741),0.0009999275207519531,56.585872650146484
1,100,tensor(53.8741),0.0009989738464355469,56.585872650146484
2,0,tensor(53.8484),0.07379937171936035,56.68488311767578
2,1,tensor(53.8484),0.017952680587768555,56.68488311767578
2,2,tensor(53.8484),0.012964963912963867,56.68488311767578
2,3,tensor(53.8484),0.024936199188232422,56.68488311767578
2,4,tensor(53.8484),0.0079803466796875,56.68488311767578
2,5,tensor(53.8484),0.004988670349121094,56.68488311767578
2,6,tensor(53.8484),0.002991914749145508,56.68488311767578
2,7,tensor(53.8484),0.002993345260620117,56.68488311767578
2,8,tensor(53.8484),0.001993417739868164,56.68488311767578
2,9,tensor(53.8484),0.0019948482513427734,56.68488311767578
2,10,tensor(53.8484),0.0019943714141845703,56.68488311767578
2,11,tensor(53.8484),0.001996278762817383,56.68488311767578
2,12,tensor(53.8484),0.0019941329956054688,56.68488311767578
2,13,tensor(53.8484),0.0019927024841308594,56.68488311767578
2,14,tensor(53.8484),0.0019931793212890625,56.68488311767578
2,15,tensor(53.8484),0.0019948482513427734,56.68488311767578
2,16,tensor(53.8484),0.0019948482513427734,56.68488311767578
2,17,tensor(53.8484),0.001994609832763672,56.68488311767578
2,18,tensor(53.8484),0.0019936561584472656,56.68488311767578
2,19,tensor(53.8484),0.001995086669921875,56.68488311767578
2,20,tensor(53.8484),0.0019948482513427734,56.68488311767578
2,21,tensor(53.8484),0.001995086669921875,56.68488311767578
2,22,tensor(53.8484),0.0009968280792236328,56.68488311767578
2,23,tensor(53.8484),0.001993417739868164,56.68488311767578
2,24,tensor(53.8484),0.001994609832763672,56.68488311767578
2,25,tensor(53.8484),0.001995086669921875,56.68488311767578
2,26,tensor(53.8484),0.0019936561584472656,56.68488311767578
2,27,tensor(53.8484),0.000995635986328125,56.68488311767578
2,28,tensor(53.8484),0.001995563507080078,56.68488311767578
2,29,tensor(53.8484),0.001994609832763672,56.68488311767578
2,30,tensor(53.8484),0.0019943714141845703,56.68488311767578
2,31,tensor(53.8484),0.0019969940185546875,56.68488311767578
2,32,tensor(53.8484),0.0019941329956054688,56.68488311767578
2,33,tensor(53.8484),0.0019941329956054688,56.68488311767578
2,34,tensor(53.8484),0.001994609832763672,56.68488311767578
2,35,tensor(53.8484),0.0019953250885009766,56.68488311767578
2,36,tensor(53.8484),0.001994609832763672,56.68488311767578
2,37,tensor(53.8484),0.001995086669921875,56.68488311767578
2,38,tensor(53.8484),0.001996755599975586,56.68488311767578
2,39,tensor(53.8484),0.001996755599975586,56.68488311767578
2,40,tensor(53.8484),0.0019974708557128906,56.68488311767578
2,41,tensor(53.8484),0.001993894577026367,56.68488311767578
2,42,tensor(53.8484),0.0009965896606445312,56.68488311767578
2,43,tensor(53.8484),0.0019948482513427734,56.68488311767578
2,44,tensor(53.8484),0.001994609832763672,56.68488311767578
2,45,tensor(53.8484),0.0019948482513427734,56.68488311767578
2,46,tensor(53.8484),0.0019943714141845703,56.68488311767578
2,47,tensor(53.8484),0.001994609832763672,56.68488311767578
2,48,tensor(53.8484),0.001994609832763672,56.68488311767578
2,49,tensor(53.8484),0.0019948482513427734,56.68488311767578
2,50,tensor(53.8484),0.001994609832763672,56.68488311767578
2,51,tensor(53.8484),0.0029914379119873047,56.68488311767578
2,52,tensor(53.8484),0.0009949207305908203,56.68488311767578
2,53,tensor(53.8484),0.0009968280792236328,56.68488311767578
2,54,tensor(53.8484),0.0009970664978027344,56.68488311767578
2,55,tensor(53.8484),0.0019948482513427734,56.68488311767578
2,56,tensor(53.8484),0.0019948482513427734,56.68488311767578
2,57,tensor(53.8484),0.0019948482513427734,56.68488311767578
2,58,tensor(53.8484),0.001994609832763672,56.68488311767578
2,59,tensor(53.8484),0.001994609832763672,56.68488311767578
2,60,tensor(53.8484),0.0019943714141845703,56.68488311767578
2,61,tensor(53.8484),0.001994609832763672,56.68488311767578
2,62,tensor(53.8484),0.001994609832763672,56.68488311767578
2,63,tensor(53.8484),0.0019948482513427734,56.68488311767578
2,64,tensor(53.8484),0.001994609832763672,56.68488311767578
2,65,tensor(53.8484),0.0019936561584472656,56.68488311767578
2,66,tensor(53.8484),0.0009975433349609375,56.68488311767578
2,67,tensor(53.8484),0.000997304916381836,56.68488311767578
2,68,tensor(53.8484),0.001990079879760742,56.68488311767578
2,69,tensor(53.8484),0.001995086669921875,56.68488311767578
2,70,tensor(53.8484),0.001991748809814453,56.68488311767578
2,71,tensor(53.8484),0.0019948482513427734,56.68488311767578
2,72,tensor(53.8484),0.0019931793212890625,56.68488311767578
2,73,tensor(53.8484),0.001989126205444336,56.68488311767578
2,74,tensor(53.8484),0.001994609832763672,56.68488311767578
2,75,tensor(53.8484),0.0019953250885009766,56.68488311767578
2,76,tensor(53.8484),0.000997304916381836,56.68488311767578
2,77,tensor(53.8484),0.0019948482513427734,56.68488311767578
2,78,tensor(53.8484),0.001994609832763672,56.68488311767578
2,79,tensor(53.8484),0.0019943714141845703,56.68488311767578
2,80,tensor(53.8484),0.0019943714141845703,56.68488311767578
2,81,tensor(53.8484),0.001992940902709961,56.68488311767578
2,82,tensor(53.8484),0.0019943714141845703,56.68488311767578
2,83,tensor(53.8484),0.0019948482513427734,56.68488311767578
2,84,tensor(53.8484),0.0019948482513427734,56.68488311767578
2,85,tensor(53.8484),0.0019943714141845703,56.68488311767578
2,86,tensor(53.8484),0.004985809326171875,56.68488311767578
2,87,tensor(53.8484),0.004986763000488281,56.68488311767578
2,88,tensor(53.8484),0.004988193511962891,56.68488311767578
2,89,tensor(53.8484),0.003991842269897461,56.68488311767578
2,90,tensor(53.8484),0.003988742828369141,56.68488311767578
2,91,tensor(53.8484),0.001997709274291992,56.68488311767578
2,92,tensor(53.8484),0.0029935836791992188,56.68488311767578
2,93,tensor(53.8484),0.0029921531677246094,56.68488311767578
2,94,tensor(53.8484),0.0029914379119873047,56.68488311767578
2,95,tensor(53.8484),0.002994060516357422,56.68488311767578
2,96,tensor(53.8484),0.0019953250885009766,56.68488311767578
2,97,tensor(53.8484),0.001994609832763672,56.68488311767578
2,98,tensor(53.8484),0.0009922981262207031,56.68488311767578
2,99,tensor(53.8484),0.0019943714141845703,56.68488311767578
2,100,tensor(53.8484),0.001994609832763672,56.68488311767578
1,0,tensor(51.8542),0.06582164764404297,40.31925582885742
1,1,tensor(51.8542),0.016955137252807617,40.31925582885742
1,2,tensor(51.8542),0.025045394897460938,40.31925582885742
1,3,tensor(51.8542),0.006979703903198242,40.31925582885742
1,4,tensor(51.8542),0.0039899349212646484,40.31925582885742
1,5,tensor(50.8560),0.003988981246948242,40.71168518066406
1,6,tensor(47.2667),0.004986763000488281,45.09592819213867
1,7,tensor(47.2667),0.005983829498291016,45.09592819213867
1,8,tensor(47.2667),0.006981611251831055,45.09592819213867
1,9,tensor(47.0546),0.005983829498291016,42.56846237182617
1,10,tensor(47.0546),0.005984067916870117,42.56846237182617
1,11,tensor(47.0546),0.005984067916870117,42.56846237182617
1,12,tensor(47.0546),0.005984067916870117,42.56846237182617
1,13,tensor(47.0546),0.006981611251831055,42.56846237182617
1,14,tensor(46.2119),0.0069811344146728516,41.30435562133789
1,15,tensor(46.2119),0.009973764419555664,41.30435562133789
1,16,tensor(46.2119),0.011968135833740234,41.30435562133789
1,17,tensor(46.2119),0.013962507247924805,41.30435562133789
1,18,tensor(46.2119),0.016955137252807617,41.30435562133789
1,19,tensor(46.2119),0.018950939178466797,41.30435562133789
1,20,tensor(46.2119),0.02094411849975586,41.30435562133789
1,21,tensor(46.2119),0.02593064308166504,41.30435562133789
1,22,tensor(46.2119),0.024935483932495117,41.30435562133789
1,23,tensor(46.2119),0.03291201591491699,41.30435562133789
1,24,tensor(46.2119),0.03689289093017578,41.30435562133789
1,25,tensor(46.2119),0.0329132080078125,41.30435562133789
1,26,tensor(46.2119),0.030916690826416016,41.30435562133789
1,27,tensor(46.0524),0.03390789031982422,40.884315490722656
1,28,tensor(46.0524),0.03490638732910156,40.884315490722656
1,29,tensor(45.6415),0.02593088150024414,39.67424392700195
1,30,tensor(45.6415),0.02692723274230957,39.67424392700195
1,31,tensor(45.6415),0.02792501449584961,39.67424392700195
1,32,tensor(45.6415),0.024934053421020508,39.67424392700195
1,33,tensor(45.6415),0.03490757942199707,39.67424392700195
1,34,tensor(45.6415),0.04487919807434082,39.67424392700195
1,35,tensor(45.4556),0.049866437911987305,39.107452392578125
1,36,tensor(45.4556),0.03790616989135742,39.107452392578125
1,37,tensor(45.4556),0.0329129695892334,39.107452392578125
1,38,tensor(45.4375),0.031914710998535156,38.95689392089844
1,39,tensor(45.4375),0.022938966751098633,38.95689392089844
1,40,tensor(45.4375),0.02093338966369629,38.95689392089844
1,41,tensor(45.2109),0.017951011657714844,37.811767578125
1,42,tensor(45.2109),0.016954898834228516,37.811767578125
1,43,tensor(45.2109),0.019946575164794922,37.811767578125
1,44,tensor(45.2109),0.023935794830322266,37.811767578125
1,45,tensor(45.2109),0.02892160415649414,37.811767578125
1,46,tensor(45.2109),0.03690314292907715,37.811767578125
1,47,tensor(45.2109),0.0359039306640625,37.811767578125
1,48,tensor(45.1512),0.06881427764892578,37.57120132446289
1,49,tensor(45.1512),0.05285811424255371,37.57120132446289
1,50,tensor(45.1255),0.035903215408325195,37.2004280090332
1,51,tensor(45.1255),0.042885780334472656,37.2004280090332
1,52,tensor(45.1255),0.021941184997558594,37.2004280090332
1,53,tensor(45.1255),0.01595759391784668,37.2004280090332
1,54,tensor(45.1255),0.015958070755004883,37.2004280090332
1,55,tensor(45.1255),0.028923511505126953,37.2004280090332
1,56,tensor(45.1255),0.034905433654785156,37.2004280090332
1,57,tensor(45.1255),0.046874284744262695,37.2004280090332
1,58,tensor(44.0500),0.018939495086669922,46.26819610595703
1,59,tensor(44.0500),0.019946575164794922,46.26819610595703
1,60,tensor(44.0500),0.019946813583374023,46.26819610595703
1,61,tensor(44.0500),0.020943880081176758,46.26819610595703
1,62,tensor(43.7654),0.016955137252807617,45.77532958984375
1,63,tensor(43.7654),0.019946575164794922,45.77532958984375
1,64,tensor(43.7654),0.02393507957458496,45.77532958984375
1,65,tensor(43.7654),0.023931026458740234,45.77532958984375
1,66,tensor(43.0117),0.022939682006835938,42.1897087097168
1,67,tensor(43.0117),0.02393507957458496,42.1897087097168
1,68,tensor(43.0117),0.023936033248901367,42.1897087097168
1,69,tensor(43.0117),0.021941423416137695,42.1897087097168
1,70,tensor(43.0117),0.022939205169677734,42.1897087097168
1,71,tensor(43.0117),0.02792525291442871,42.1897087097168
1,72,tensor(43.0117),0.046872615814208984,42.1897087097168
1,73,tensor(43.0117),0.01795196533203125,42.1897087097168
1,74,tensor(43.0117),0.01994633674621582,42.1897087097168
1,75,tensor(43.0117),0.024933815002441406,42.1897087097168
1,76,tensor(42.3628),0.02892160415649414,40.706295013427734
1,77,tensor(42.3628),0.02792525291442871,40.706295013427734
1,78,tensor(42.3628),0.023937463760375977,40.706295013427734
1,79,tensor(42.3628),0.028923511505126953,40.706295013427734
1,80,tensor(42.3628),0.031914472579956055,40.706295013427734
1,81,tensor(42.3628),0.042885541915893555,40.706295013427734
1,82,tensor(42.3628),0.046456098556518555,40.706295013427734
1,83,tensor(42.3628),0.04089021682739258,40.706295013427734
1,84,tensor(42.3628),0.04986691474914551,40.706295013427734
1,85,tensor(42.3628),0.05984020233154297,40.706295013427734
1,86,tensor(42.3628),0.033908843994140625,40.706295013427734
1,87,tensor(42.3628),0.026928424835205078,40.706295013427734
1,88,tensor(42.2158),0.02892279624938965,40.31113052368164
1,89,tensor(41.9261),0.026928424835205078,39.26511764526367
1,90,tensor(41.9261),0.02892589569091797,39.26511764526367
1,91,tensor(41.8531),0.036900997161865234,38.73876953125
1,92,tensor(41.8531),0.029919862747192383,38.73876953125
1,93,tensor(41.8531),0.03789854049682617,38.73876953125
1,94,tensor(41.8531),0.0359041690826416,38.73876953125
1,95,tensor(41.8531),0.04089045524597168,38.73876953125
1,96,tensor(41.8531),0.04295206069946289,38.73876953125
1,97,tensor(41.8531),0.0359039306640625,38.73876953125
1,98,tensor(41.8531),0.04687643051147461,38.73876953125
1,99,tensor(41.8531),0.06781864166259766,38.73876953125
1,100,tensor(41.8531),0.07877898216247559,38.73876953125
2,0,tensor(53.8484),0.0698094367980957,56.68488311767578
2,1,tensor(53.8484),0.018022775650024414,56.68488311767578
2,2,tensor(53.8484),0.0110015869140625,56.68488311767578
2,3,tensor(53.8484),0.004987239837646484,56.68488311767578
2,4,tensor(53.8484),0.0019941329956054688,56.68488311767578
2,5,tensor(53.8484),0.0019943714141845703,56.68488311767578
2,6,tensor(53.8484),0.0019943714141845703,56.68488311767578
2,7,tensor(53.8484),0.0019953250885009766,56.68488311767578
2,8,tensor(53.8484),0.000997781753540039,56.68488311767578
2,9,tensor(53.8484),0.0009965896606445312,56.68488311767578
2,10,tensor(53.8484),0.001994609832763672,56.68488311767578
2,11,tensor(53.8484),0.001994609832763672,56.68488311767578
2,12,tensor(53.8484),0.0020477771759033203,56.68488311767578
2,13,tensor(53.8484),0.0019953250885009766,56.68488311767578
2,14,tensor(53.8484),0.0019941329956054688,56.68488311767578
2,15,tensor(53.8484),0.001993894577026367,56.68488311767578
2,16,tensor(53.8484),0.0030601024627685547,56.68488311767578
2,17,tensor(53.8484),0.004986763000488281,56.68488311767578
2,18,tensor(53.8484),0.00399017333984375,56.68488311767578
2,19,tensor(53.8484),0.002069711685180664,56.68488311767578
2,20,tensor(53.8484),0.001993417739868164,56.68488311767578
2,21,tensor(53.8484),0.002991199493408203,56.68488311767578
2,22,tensor(53.8484),0.001996755599975586,56.68488311767578
2,23,tensor(53.8484),0.0019941329956054688,56.68488311767578
2,24,tensor(53.8484),0.001996278762817383,56.68488311767578
2,25,tensor(53.8484),0.001994609832763672,56.68488311767578
2,26,tensor(53.8484),0.0019948482513427734,56.68488311767578
2,27,tensor(53.8484),0.0019965171813964844,56.68488311767578
2,28,tensor(53.8484),0.001992464065551758,56.68488311767578
2,29,tensor(53.8484),0.0009999275207519531,56.68488311767578
2,30,tensor(53.8484),0.0019931793212890625,56.68488311767578
2,31,tensor(53.8484),0.001996755599975586,56.68488311767578
2,32,tensor(53.8484),0.001995086669921875,56.68488311767578
2,33,tensor(53.8484),0.001992464065551758,56.68488311767578
2,34,tensor(53.8484),0.0019936561584472656,56.68488311767578
2,35,tensor(53.8484),0.001993417739868164,56.68488311767578
2,36,tensor(53.8484),0.0019958019256591797,56.68488311767578
2,37,tensor(53.8484),0.0009975433349609375,56.68488311767578
2,38,tensor(53.8484),0.0009970664978027344,56.68488311767578
2,39,tensor(53.8484),0.001992464065551758,56.68488311767578
2,40,tensor(53.8484),0.001994609832763672,56.68488311767578
2,41,tensor(53.8484),0.001994609832763672,56.68488311767578
2,42,tensor(53.8484),0.0019948482513427734,56.68488311767578
2,43,tensor(53.8484),0.0009992122650146484,56.68488311767578
2,44,tensor(53.8484),0.0019948482513427734,56.68488311767578
2,45,tensor(53.8484),0.001994609832763672,56.68488311767578
2,46,tensor(53.8484),0.0019948482513427734,56.68488311767578
2,47,tensor(53.8484),0.001994609832763672,56.68488311767578
2,48,tensor(53.8484),0.001994609832763672,56.68488311767578
2,49,tensor(53.8484),0.0019948482513427734,56.68488311767578
2,50,tensor(53.8484),0.001994609832763672,56.68488311767578
2,51,tensor(53.8484),0.0019948482513427734,56.68488311767578
2,52,tensor(53.8484),0.001992940902709961,56.68488311767578
2,53,tensor(53.8484),0.0019943714141845703,56.68488311767578
2,54,tensor(53.8484),0.0019948482513427734,56.68488311767578
2,55,tensor(53.8484),0.0019943714141845703,56.68488311767578
2,56,tensor(53.8484),0.0019867420196533203,56.68488311767578
2,57,tensor(53.8484),0.0009975433349609375,56.68488311767578
2,58,tensor(53.8484),0.0009992122650146484,56.68488311767578
2,59,tensor(53.8484),0.0019931793212890625,56.68488311767578
2,60,tensor(53.8484),0.001995086669921875,56.68488311767578
2,61,tensor(53.8484),0.0019943714141845703,56.68488311767578
2,62,tensor(53.8484),0.001994609832763672,56.68488311767578
2,63,tensor(53.8484),0.0019948482513427734,56.68488311767578
2,64,tensor(53.8484),0.0019948482513427734,56.68488311767578
2,65,tensor(53.8484),0.001995086669921875,56.68488311767578
2,66,tensor(53.8484),0.0019948482513427734,56.68488311767578
2,67,tensor(53.8484),0.0019943714141845703,56.68488311767578
2,68,tensor(53.8484),0.0019943714141845703,56.68488311767578
2,69,tensor(53.8484),0.0019948482513427734,56.68488311767578
2,70,tensor(53.8484),0.001994609832763672,56.68488311767578
2,71,tensor(53.8484),0.0019948482513427734,56.68488311767578
2,72,tensor(53.8484),0.001994609832763672,56.68488311767578
2,73,tensor(53.8484),0.001995086669921875,56.68488311767578
2,74,tensor(53.8484),0.0019943714141845703,56.68488311767578
2,75,tensor(53.8484),0.0019941329956054688,56.68488311767578
2,76,tensor(53.8484),0.0019948482513427734,56.68488311767578
2,77,tensor(53.8484),0.001994609832763672,56.68488311767578
2,78,tensor(53.8484),0.001994609832763672,56.68488311767578
2,79,tensor(53.8484),0.0019948482513427734,56.68488311767578
2,80,tensor(53.8484),0.0010650157928466797,56.68488311767578
2,81,tensor(53.8484),0.0009970664978027344,56.68488311767578
2,82,tensor(53.8484),0.001995086669921875,56.68488311767578
2,83,tensor(53.8484),0.001994609832763672,56.68488311767578
2,84,tensor(53.8484),0.0020003318786621094,56.68488311767578
2,85,tensor(53.8484),0.0019953250885009766,56.68488311767578
2,86,tensor(53.8484),0.001994609832763672,56.68488311767578
2,87,tensor(53.8484),0.0019943714141845703,56.68488311767578
2,88,tensor(53.8484),0.004985809326171875,56.68488311767578
2,89,tensor(53.8484),0.0029916763305664062,56.68488311767578
2,90,tensor(53.8484),0.0049839019775390625,56.68488311767578
2,91,tensor(53.8484),0.005984306335449219,56.68488311767578
2,92,tensor(53.8484),0.004986763000488281,56.68488311767578
2,93,tensor(53.8484),0.003987312316894531,56.68488311767578
2,94,tensor(53.8484),0.003989219665527344,56.68488311767578
2,95,tensor(53.8484),0.0029926300048828125,56.68488311767578
2,96,tensor(53.8484),0.00498652458190918,56.68488311767578
2,97,tensor(53.8484),0.0009958744049072266,56.68488311767578
2,98,tensor(53.8484),0.003985881805419922,56.68488311767578
2,99,tensor(53.8484),0.003989696502685547,56.68488311767578
2,100,tensor(53.8484),0.0019922256469726562,56.68488311767578
1,0,tensor(57.6589),0.06981039047241211,40.07028579711914
1,1,tensor(57.6589),0.0219419002532959,40.07028579711914
1,2,tensor(57.6287),0.021941184997558594,40.235836029052734
1,3,tensor(57.6107),0.02094411849975586,40.247520446777344
1,4,tensor(47.8730),0.02293872833251953,46.93268585205078
1,5,tensor(47.8730),0.030917644500732422,46.93268585205078
1,6,tensor(47.8730),0.030918359756469727,46.93268585205078
1,7,tensor(47.8730),0.03690314292907715,46.93268585205078
1,8,tensor(46.3856),0.04089164733886719,44.178955078125
1,9,tensor(46.3856),0.05285906791687012,44.178955078125
1,10,tensor(46.3676),0.04787015914916992,44.13151168823242
1,11,tensor(46.2966),0.0718085765838623,42.742366790771484
1,12,tensor(46.2933),0.07380247116088867,42.75361633300781
1,13,tensor(46.1877),0.07280564308166504,43.24641799926758
1,14,tensor(46.1877),0.08178138732910156,43.24641799926758
1,15,tensor(46.1877),0.09075641632080078,43.24641799926758
1,16,tensor(46.1871),0.10571718215942383,43.245765686035156
1,17,tensor(46.0486),0.11569023132324219,43.27219009399414
1,18,tensor(43.0228),0.1486046314239502,42.37299346923828
1,19,tensor(43.0228),0.12765860557556152,42.37299346923828
1,20,tensor(41.7065),0.13022971153259277,41.906917572021484
1,21,tensor(41.1425),0.1466059684753418,36.5383186340332
1,22,tensor(41.1425),0.13065028190612793,36.5383186340332
1,23,tensor(41.1425),0.16057085990905762,36.5383186340332
1,24,tensor(40.7629),0.15761613845825195,38.17221450805664
1,25,tensor(40.7629),0.1156911849975586,38.17221450805664
1,26,tensor(40.7552),0.1186823844909668,38.16914367675781
1,27,tensor(40.7552),0.14777016639709473,38.16914367675781
1,28,tensor(40.7546),0.17361950874328613,38.157413482666016
1,29,tensor(40.7546),0.18653631210327148,38.157413482666016
1,30,tensor(40.7546),0.22041106224060059,38.157413482666016
1,31,tensor(40.7457),0.20952367782592773,38.14683151245117
1,32,tensor(40.7457),0.24335098266601562,38.14683151245117
1,33,tensor(40.7457),0.23148846626281738,38.14683151245117
1,34,tensor(40.7390),0.21741843223571777,38.10871887207031
1,35,tensor(39.0388),0.19747495651245117,35.82754898071289
1,36,tensor(39.0388),0.15864801406860352,35.82754898071289
1,37,tensor(39.0388),0.23055028915405273,35.82754898071289
1,38,tensor(38.5355),0.24733781814575195,35.85768127441406
1,39,tensor(38.5355),0.20690226554870605,35.85768127441406
1,40,tensor(38.5355),0.2293851375579834,35.85768127441406
1,41,tensor(38.5297),0.23441672325134277,35.86104202270508
1,42,tensor(38.5297),0.29750585556030273,35.86104202270508
1,43,tensor(38.5246),0.2972073554992676,35.8549919128418
1,44,tensor(38.5246),0.22440004348754883,35.8549919128418
1,45,tensor(38.5246),0.2303757667541504,35.8549919128418
1,46,tensor(38.5246),0.21047425270080566,35.8549919128418
1,47,tensor(38.5246),0.24143052101135254,35.8549919128418
1,48,tensor(38.5246),0.19647455215454102,35.8549919128418
1,49,tensor(38.5246),0.21442604064941406,35.8549919128418
1,50,tensor(38.5246),0.182511568069458,35.8549919128418
1,51,tensor(38.2500),0.2094404697418213,35.40071105957031
1,52,tensor(38.2500),0.26429247856140137,35.40068435668945
1,53,tensor(38.2479),0.21390771865844727,35.39680480957031
1,54,tensor(38.2479),0.16878795623779297,35.39680480957031
1,55,tensor(37.8527),0.21119928359985352,35.50376510620117
1,56,tensor(37.8527),0.25033044815063477,35.50376510620117
1,57,tensor(37.8527),0.26828455924987793,35.50376510620117
1,58,tensor(37.8527),0.18450689315795898,35.50376510620117
1,59,tensor(37.8527),0.24534392356872559,35.50376510620117
1,60,tensor(37.8527),0.2622992992401123,35.50376510620117
1,61,tensor(37.8527),0.30219364166259766,35.50376510620117
1,62,tensor(37.8527),0.2184133529663086,35.50376510620117
1,63,tensor(37.7910),0.22240471839904785,35.492252349853516
1,64,tensor(37.7910),0.32413244247436523,35.492252349853516
1,65,tensor(37.7910),0.4308474063873291,35.492252349853516
1,66,tensor(37.7910),0.5066452026367188,35.492252349853516
1,67,tensor(37.7910),0.5395565032958984,35.492252349853516
1,68,tensor(37.7910),0.43483710289001465,35.492252349853516
1,69,tensor(37.7910),0.4857015609741211,35.492252349853516
1,70,tensor(37.7910),0.5335738658905029,35.492252349853516
1,71,tensor(37.7910),0.4448111057281494,35.492252349853516
1,72,tensor(37.7910),0.5844376087188721,35.492252349853516
