bioav,StandardGP,load_bioav,0,0,53.386627197265625,0.14107298851013184,1499.0,55.930503845214844
bioav,StandardGP,load_bioav,0,1,53.386627197265625,0.04887056350708008,1049.0,55.930503845214844
bioav,StandardGP,load_bioav,0,2,53.386627197265625,0.03789949417114258,1073.0,55.930503845214844
bioav,StandardGP,load_bioav,0,3,46.713653564453125,0.03989434242248535,1188.0,48.22517395019531
bioav,StandardGP,load_bioav,0,4,46.31746292114258,0.04188871383666992,1445.0,47.68180465698242
bioav,StandardGP,load_bioav,0,5,45.78874206542969,0.047872066497802734,1670.0,46.98612976074219
bioav,StandardGP,load_bioav,0,6,45.292537689208984,0.04388236999511719,1526.0,46.41214370727539
bioav,StandardGP,load_bioav,0,7,45.27568054199219,0.04288506507873535,1521.0,46.42916488647461
bioav,StandardGP,load_bioav,0,8,45.27568054199219,0.040889739990234375,1323.0,46.42916488647461
bioav,StandardGP,load_bioav,0,9,44.154415130615234,0.03789854049682617,1195.0,44.989933013916016
bioav,StandardGP,load_bioav,0,10,44.154415130615234,0.03789925575256348,1200.0,44.989933013916016
bioav,StandardGP,load_bioav,0,11,42.12828063964844,0.037900686264038086,1203.0,43.67536926269531
bioav,StandardGP,load_bioav,0,12,38.732513427734375,0.035902976989746094,1222.0,36.82756423950195
bioav,StandardGP,load_bioav,0,13,38.732513427734375,0.03490734100341797,1154.0,36.82756423950195
bioav,StandardGP,load_bioav,0,14,38.732513427734375,0.0359041690826416,1125.0,36.82756423950195
bioav,StandardGP,load_bioav,0,15,38.63685607910156,0.03690075874328613,1191.0,35.25839614868164
bioav,StandardGP,load_bioav,0,16,38.48402786254883,0.03789854049682617,1162.0,35.553062438964844
bioav,StandardGP,load_bioav,0,17,38.48402786254883,0.0608370304107666,1217.0,35.553062438964844
bioav,StandardGP,load_bioav,0,18,38.48402786254883,0.03789830207824707,1256.0,35.553062438964844
bioav,StandardGP,load_bioav,0,19,38.48402786254883,0.038932085037231445,1217.0,35.553062438964844
bioav,StandardGP,load_bioav,0,20,38.48402786254883,0.03690075874328613,1226.0,35.553062438964844
bioav,StandardGP,load_bioav,0,21,38.48402786254883,0.03690075874328613,1204.0,35.553062438964844
bioav,StandardGP,load_bioav,0,22,38.48402786254883,0.03889608383178711,1242.0,35.553062438964844
bioav,StandardGP,load_bioav,0,23,38.48402786254883,0.03989291191101074,1320.0,35.553062438964844
bioav,StandardGP,load_bioav,0,24,38.48402786254883,0.04388260841369629,1416.0,35.553062438964844
bioav,StandardGP,load_bioav,0,25,38.48402786254883,0.04288601875305176,1373.0,35.553062438964844
bioav,StandardGP,load_bioav,0,26,38.48402786254883,0.04388284683227539,1379.0,35.553062438964844
bioav,StandardGP,load_bioav,0,27,38.48402786254883,0.0408935546875,1309.0,35.553062438964844
bioav,StandardGP,load_bioav,0,28,38.48402786254883,0.038895368576049805,1289.0,35.553062438964844
bioav,StandardGP,load_bioav,0,29,38.48402786254883,0.03989243507385254,1357.0,35.553062438964844
bioav,StandardGP,load_bioav,0,30,38.48402786254883,0.03989243507385254,1315.0,35.553062438964844
bioav,StandardGP,load_bioav,0,31,38.48402786254883,0.04188847541809082,1403.0,35.553062438964844
bioav,StandardGP,load_bioav,0,32,38.48402786254883,0.04291701316833496,1393.0,35.553062438964844
bioav,StandardGP,load_bioav,0,33,38.48402786254883,0.04188799858093262,1352.0,35.553062438964844
bioav,StandardGP,load_bioav,0,34,37.73974609375,0.04082536697387695,1366.0,37.74542236328125
bioav,StandardGP,load_bioav,0,35,37.73974609375,0.03889584541320801,1395.0,37.74542236328125
bioav,StandardGP,load_bioav,0,36,37.73974609375,0.03889656066894531,1319.0,37.74542236328125
bioav,StandardGP,load_bioav,0,37,37.73974609375,0.03889632225036621,1292.0,37.74542236328125
bioav,StandardGP,load_bioav,0,38,37.73974609375,0.03690075874328613,1200.0,37.74542236328125
bioav,StandardGP,load_bioav,0,39,37.73974609375,0.03690218925476074,1245.0,37.74542236328125
bioav,StandardGP,load_bioav,0,40,37.73974609375,0.03889608383178711,1315.0,37.74542236328125
bioav,StandardGP,load_bioav,0,41,37.73974609375,0.035901784896850586,1299.0,37.74542236328125
bioav,StandardGP,load_bioav,0,42,37.73974609375,0.038897037506103516,1321.0,37.74542236328125
bioav,StandardGP,load_bioav,0,43,37.73974609375,0.0388951301574707,1315.0,37.74542236328125
bioav,StandardGP,load_bioav,0,44,37.73974609375,0.038893938064575195,1294.0,37.74542236328125
bioav,StandardGP,load_bioav,0,45,37.73974609375,0.03889584541320801,1253.0,37.74542236328125
bioav,StandardGP,load_bioav,0,46,37.73974609375,0.037899017333984375,1279.0,37.74542236328125
bioav,StandardGP,load_bioav,0,47,37.73974609375,0.03989267349243164,1306.0,37.74542236328125
bioav,StandardGP,load_bioav,0,48,37.63955307006836,0.04242444038391113,1382.0,37.655826568603516
bioav,StandardGP,load_bioav,0,49,37.63955307006836,0.0399782657623291,1367.0,37.655826568603516
bioav,StandardGP,load_bioav,0,50,37.63955307006836,0.03989362716674805,1394.0,37.655826568603516
bioav,StandardGP,load_bioav,0,51,37.63955307006836,0.04089188575744629,1422.0,37.655826568603516
bioav,StandardGP,load_bioav,0,52,37.63955307006836,0.04188847541809082,1427.0,37.655826568603516
bioav,StandardGP,load_bioav,0,53,37.63955307006836,0.04288792610168457,1511.0,37.655826568603516
bioav,StandardGP,load_bioav,0,54,37.63955307006836,0.04687333106994629,1635.0,37.655826568603516
bioav,StandardGP,load_bioav,0,55,37.63955307006836,0.04288816452026367,1482.0,37.655826568603516
bioav,StandardGP,load_bioav,0,56,37.63955307006836,0.04188704490661621,1399.0,37.655826568603516
bioav,StandardGP,load_bioav,0,57,37.63955307006836,0.0438845157623291,1464.0,37.655826568603516
bioav,StandardGP,load_bioav,0,58,37.618770599365234,0.04488062858581543,1556.0,37.64530944824219
bioav,StandardGP,load_bioav,0,59,37.618770599365234,0.0438845157623291,1498.0,37.64530944824219
bioav,StandardGP,load_bioav,0,60,37.618770599365234,0.046875,1620.0,37.64530944824219
bioav,StandardGP,load_bioav,0,61,37.618770599365234,0.049868106842041016,1784.0,37.64530944824219
bioav,StandardGP,load_bioav,0,62,37.618770599365234,0.04687380790710449,1656.0,37.64530944824219
bioav,StandardGP,load_bioav,0,63,37.618770599365234,0.048871517181396484,1722.0,37.64530944824219
bioav,StandardGP,load_bioav,0,64,37.618770599365234,0.04388141632080078,1524.0,37.64530944824219
bioav,StandardGP,load_bioav,0,65,37.618770599365234,0.04488039016723633,1595.0,37.64530944824219
bioav,StandardGP,load_bioav,0,66,37.618770599365234,0.04288506507873535,1499.0,37.64530944824219
bioav,StandardGP,load_bioav,0,67,37.596763610839844,0.041887521743774414,1483.0,37.63666915893555
bioav,StandardGP,load_bioav,0,68,37.596763610839844,0.042885541915893555,1514.0,37.63666915893555
bioav,StandardGP,load_bioav,0,69,37.596763610839844,0.04188847541809082,1511.0,37.63666915893555
bioav,StandardGP,load_bioav,0,70,37.596763610839844,0.04288506507873535,1528.0,37.63666915893555
bioav,StandardGP,load_bioav,0,71,31.183090209960938,0.04089021682739258,1503.0,29.3240909576416
bioav,StandardGP,load_bioav,0,72,31.183090209960938,0.04287123680114746,1587.0,29.3240909576416
bioav,StandardGP,load_bioav,0,73,31.183090209960938,0.04288482666015625,1550.0,29.3240909576416
bioav,StandardGP,load_bioav,0,74,31.183090209960938,0.04089093208312988,1539.0,29.3240909576416
bioav,StandardGP,load_bioav,0,75,31.183090209960938,0.04487776756286621,1580.0,29.3240909576416
bioav,StandardGP,load_bioav,0,76,31.183090209960938,0.04088759422302246,1524.0,29.3240909576416
bioav,StandardGP,load_bioav,0,77,31.183090209960938,0.043883562088012695,1612.0,29.3240909576416
bioav,StandardGP,load_bioav,0,78,31.183090209960938,0.04488015174865723,1654.0,29.3240909576416
bioav,StandardGP,load_bioav,0,79,31.183090209960938,0.04388236999511719,1570.0,29.3240909576416
bioav,StandardGP,load_bioav,0,80,31.183090209960938,0.04188847541809082,1627.0,29.3240909576416
bioav,StandardGP,load_bioav,0,81,31.183090209960938,0.04391813278198242,1583.0,29.3240909576416
bioav,StandardGP,load_bioav,0,82,31.183090209960938,0.040891170501708984,1502.0,29.3240909576416
bioav,StandardGP,load_bioav,0,83,31.183090209960938,0.04487919807434082,1644.0,29.3240909576416
bioav,StandardGP,load_bioav,0,84,31.183090209960938,0.041887760162353516,1519.0,29.3240909576416
bioav,StandardGP,load_bioav,0,85,31.183090209960938,0.039893150329589844,1473.0,29.3240909576416
bioav,StandardGP,load_bioav,0,86,31.183090209960938,0.03989458084106445,1454.0,29.3240909576416
bioav,StandardGP,load_bioav,0,87,31.183090209960938,0.04288434982299805,1474.0,29.3240909576416
bioav,StandardGP,load_bioav,0,88,31.183090209960938,0.04188799858093262,1503.0,29.3240909576416
bioav,StandardGP,load_bioav,0,89,31.183090209960938,0.042885541915893555,1567.0,29.3240909576416
bioav,StandardGP,load_bioav,0,90,31.183090209960938,0.037899017333984375,1464.0,29.3240909576416
bioav,StandardGP,load_bioav,0,91,31.183090209960938,0.03789830207824707,1466.0,29.3240909576416
bioav,StandardGP,load_bioav,0,92,31.183090209960938,0.03989458084106445,1448.0,29.3240909576416
bioav,StandardGP,load_bioav,0,93,31.183090209960938,0.041887521743774414,1526.0,29.3240909576416
bioav,StandardGP,load_bioav,0,94,31.183090209960938,0.03989267349243164,1414.0,29.3240909576416
bioav,StandardGP,load_bioav,0,95,31.183090209960938,0.04188799858093262,1384.0,29.3240909576416
bioav,StandardGP,load_bioav,0,96,31.183090209960938,0.040891170501708984,1438.0,29.3240909576416
bioav,StandardGP,load_bioav,0,97,31.183090209960938,0.03789925575256348,1346.0,29.3240909576416
bioav,StandardGP,load_bioav,0,98,31.183090209960938,0.04203343391418457,1422.0,29.3240909576416
bioav,StandardGP,load_bioav,0,99,30.986591339111328,0.04288530349731445,1529.0,28.45937156677246
bioav,StandardGP,load_bioav,0,100,30.986591339111328,0.046874046325683594,1619.0,28.45937156677246
bioav,StandardGP,load_bioav,load_bioav,1,0,64.4703598022461,0.12880253791809082,1561.0,69.57975006103516
bioav,StandardGP,load_bioav,load_bioav,1,1,61.8035774230957,0.03789806365966797,1034.0,65.29846954345703
bioav,StandardGP,load_bioav,load_bioav,1,2,61.8035774230957,0.056847333908081055,997.0,65.29846954345703
bioav,StandardGP,load_bioav,load_bioav,1,3,32.47748565673828,0.03690195083618164,971.0,29.831865310668945
bioav,StandardGP,load_bioav,load_bioav,1,4,32.47748565673828,0.03390979766845703,923.0,29.831865310668945
bioav,StandardGP,load_bioav,load_bioav,1,5,32.47748565673828,0.03291153907775879,884.0,29.831865310668945
bioav,StandardGP,load_bioav,load_bioav,1,6,32.47748565673828,0.035904884338378906,921.0,29.831865310668945
bioav,StandardGP,load_bioav,load_bioav,1,7,32.47748565673828,0.03191423416137695,948.0,29.831865310668945
bioav,StandardGP,load_bioav,load_bioav,1,8,32.47748565673828,0.03390908241271973,1020.0,29.831865310668945
bioav,StandardGP,load_bioav,load_bioav,1,9,32.47748565673828,0.031914710998535156,1051.0,29.831865310668945
bioav,StandardGP,load_bioav,load_bioav,1,10,32.188358306884766,0.0359041690826416,1131.0,27.757219314575195
bioav,StandardGP,load_bioav,load_bioav,1,11,32.188358306884766,0.036936044692993164,1159.0,27.757219314575195
bioav,StandardGP,load_bioav,load_bioav,1,12,32.188358306884766,0.037899017333984375,1207.0,27.757219314575195
bioav,StandardGP,load_bioav,load_bioav,1,13,32.188358306884766,0.03789925575256348,1230.0,27.757219314575195
bioav,StandardGP,load_bioav,load_bioav,1,14,32.188358306884766,0.03690052032470703,1233.0,27.757219314575195
bioav,StandardGP,load_bioav,load_bioav,1,15,32.188358306884766,0.03690195083618164,1235.0,27.757219314575195
bioav,StandardGP,load_bioav,load_bioav,1,16,32.188358306884766,0.0359039306640625,1283.0,27.757219314575195
bioav,StandardGP,load_bioav,load_bioav,1,17,32.188358306884766,0.03789925575256348,1247.0,27.757219314575195
bioav,StandardGP,load_bioav,load_bioav,1,18,32.188358306884766,0.03690338134765625,1221.0,27.757219314575195
bioav,StandardGP,load_bioav,load_bioav,1,19,32.188358306884766,0.03490710258483887,1147.0,27.757219314575195
bioav,StandardGP,load_bioav,load_bioav,1,20,32.188358306884766,0.034906864166259766,1158.0,27.757219314575195
bioav,StandardGP,load_bioav,load_bioav,1,21,32.188358306884766,0.03390860557556152,1145.0,27.757219314575195
bioav,StandardGP,load_bioav,load_bioav,1,22,32.188358306884766,0.035903215408325195,1252.0,27.757219314575195
bioav,StandardGP,load_bioav,load_bioav,1,23,32.188358306884766,0.03622293472290039,1253.0,27.757219314575195
bioav,StandardGP,load_bioav,load_bioav,1,24,32.188358306884766,0.03789925575256348,1287.0,27.757219314575195
bioav,StandardGP,load_bioav,load_bioav,1,25,32.188358306884766,0.03690195083618164,1286.0,27.757219314575195
bioav,StandardGP,load_bioav,load_bioav,1,26,32.188358306884766,0.039893388748168945,1378.0,27.757219314575195
bioav,StandardGP,load_bioav,load_bioav,1,27,32.188358306884766,0.03989362716674805,1486.0,27.757219314575195
bioav,StandardGP,load_bioav,load_bioav,1,28,32.188358306884766,0.03789877891540527,1386.0,27.757219314575195
bioav,StandardGP,load_bioav,load_bioav,1,29,32.188358306884766,0.03889870643615723,1385.0,27.757219314575195
bioav,StandardGP,load_bioav,load_bioav,1,30,32.188358306884766,0.04089069366455078,1468.0,27.757219314575195
bioav,StandardGP,load_bioav,0,0,53.386627197265625,0.1413893699645996,1499.0,55.930503845214844
bioav,StandardGP,load_bioav,0,1,53.386627197265625,0.0688180923461914,1049.0,55.930503845214844
bioav,StandardGP,load_bioav,0,2,53.386627197265625,0.0388944149017334,1073.0,55.930503845214844
bioav,StandardGP,load_bioav,0,3,46.713653564453125,0.0399625301361084,1188.0,48.22517395019531
bioav,StandardGP,load_bioav,0,4,46.31746292114258,0.042885780334472656,1445.0,47.68180465698242
bioav,StandardGP,load_bioav,0,5,45.78874206542969,0.045879364013671875,1670.0,46.98612976074219
bioav,StandardGP,load_bioav,0,6,45.292537689208984,0.04288816452026367,1526.0,46.41214370727539
bioav,StandardGP,load_bioav,0,7,45.27568054199219,0.04188799858093262,1521.0,46.42916488647461
bioav,StandardGP,load_bioav,0,8,45.27568054199219,0.03989362716674805,1323.0,46.42916488647461
bioav,StandardGP,load_bioav,0,9,44.154415130615234,0.036901235580444336,1195.0,44.989933013916016
bioav,StandardGP,load_bioav,0,10,44.154415130615234,0.036900997161865234,1200.0,44.989933013916016
bioav,StandardGP,load_bioav,0,11,42.12828063964844,0.03789877891540527,1203.0,43.67536926269531
bioav,StandardGP,load_bioav,0,12,38.732513427734375,0.0359044075012207,1222.0,36.82756423950195
bioav,StandardGP,load_bioav,0,13,38.732513427734375,0.03490638732910156,1154.0,36.82756423950195
bioav,StandardGP,load_bioav,0,14,38.732513427734375,0.0359034538269043,1125.0,36.82756423950195
bioav,StandardGP,load_bioav,0,15,38.63685607910156,0.0359044075012207,1191.0,35.25839614868164
bioav,StandardGP,load_bioav,0,16,38.48402786254883,0.03789925575256348,1162.0,35.553062438964844
bioav,StandardGP,load_bioav,0,17,38.48402786254883,0.05984234809875488,1217.0,35.553062438964844
bioav,StandardGP,load_bioav,0,18,38.48402786254883,0.03889632225036621,1256.0,35.553062438964844
bioav,StandardGP,load_bioav,0,19,38.48402786254883,0.03889608383178711,1217.0,35.553062438964844
bioav,StandardGP,load_bioav,0,20,38.48402786254883,0.03789854049682617,1226.0,35.553062438964844
bioav,StandardGP,load_bioav,0,21,38.48402786254883,0.038039207458496094,1204.0,35.553062438964844
bioav,StandardGP,load_bioav,0,22,38.48402786254883,0.038895606994628906,1242.0,35.553062438964844
bioav,StandardGP,load_bioav,0,23,38.48402786254883,0.039893388748168945,1320.0,35.553062438964844
bioav,StandardGP,load_bioav,0,24,38.48402786254883,0.042964935302734375,1416.0,35.553062438964844
bioav,StandardGP,load_bioav,0,25,38.48402786254883,0.04188799858093262,1373.0,35.553062438964844
bioav,StandardGP,load_bioav,0,26,38.48402786254883,0.04188823699951172,1379.0,35.553062438964844
bioav,StandardGP,load_bioav,0,27,38.48402786254883,0.04018545150756836,1309.0,35.553062438964844
bioav,StandardGP,load_bioav,0,28,38.48402786254883,0.03889608383178711,1289.0,35.553062438964844
bioav,StandardGP,load_bioav,0,29,38.48402786254883,0.04089045524597168,1357.0,35.553062438964844
bioav,StandardGP,load_bioav,0,30,38.48402786254883,0.038895606994628906,1315.0,35.553062438964844
bioav,StandardGP,load_bioav,0,31,38.48402786254883,0.04089069366455078,1403.0,35.553062438964844
bioav,StandardGP,load_bioav,0,32,38.48402786254883,0.043884992599487305,1393.0,35.553062438964844
bioav,StandardGP,load_bioav,0,33,38.48402786254883,0.04089093208312988,1352.0,35.553062438964844
bioav,StandardGP,load_bioav,0,34,37.73974609375,0.040891408920288086,1366.0,37.74542236328125
bioav,StandardGP,load_bioav,0,35,37.73974609375,0.038896799087524414,1395.0,37.74542236328125
bioav,StandardGP,load_bioav,0,36,37.73974609375,0.03903818130493164,1319.0,37.74542236328125
bioav,StandardGP,load_bioav,0,37,37.73974609375,0.038971662521362305,1292.0,37.74542236328125
bioav,StandardGP,load_bioav,0,38,37.73974609375,0.0359039306640625,1200.0,37.74542236328125
bioav,StandardGP,load_bioav,0,39,37.73974609375,0.03690075874328613,1245.0,37.74542236328125
bioav,StandardGP,load_bioav,0,40,37.73974609375,0.03789877891540527,1315.0,37.74542236328125
bioav,StandardGP,load_bioav,0,41,37.73974609375,0.035839080810546875,1299.0,37.74542236328125
bioav,StandardGP,load_bioav,0,42,37.73974609375,0.04096674919128418,1321.0,37.74542236328125
bioav,StandardGP,load_bioav,0,43,37.73974609375,0.03803372383117676,1315.0,37.74542236328125
bioav,StandardGP,load_bioav,0,44,37.73974609375,0.03690171241760254,1294.0,37.74542236328125
bioav,StandardGP,load_bioav,0,45,37.73974609375,0.03690075874328613,1253.0,37.74542236328125
bioav,StandardGP,load_bioav,0,46,37.73974609375,0.035903215408325195,1279.0,37.74542236328125
bioav,StandardGP,load_bioav,0,47,37.73974609375,0.03789997100830078,1306.0,37.74542236328125
bioav,StandardGP,load_bioav,0,48,37.63955307006836,0.0390162467956543,1382.0,37.655826568603516
bioav,StandardGP,load_bioav,0,49,37.63955307006836,0.04089021682739258,1367.0,37.655826568603516
bioav,StandardGP,load_bioav,0,50,37.63955307006836,0.039893150329589844,1394.0,37.655826568603516
bioav,StandardGP,load_bioav,0,51,37.63955307006836,0.03989386558532715,1422.0,37.655826568603516
bioav,StandardGP,load_bioav,0,52,37.63955307006836,0.03989291191101074,1427.0,37.655826568603516
bioav,StandardGP,load_bioav,0,53,37.63955307006836,0.04188823699951172,1511.0,37.655826568603516
bioav,StandardGP,load_bioav,0,54,37.63955307006836,0.04488039016723633,1635.0,37.655826568603516
bioav,StandardGP,load_bioav,0,55,37.63955307006836,0.04288625717163086,1482.0,37.655826568603516
bioav,StandardGP,load_bioav,0,56,37.63955307006836,0.04188799858093262,1399.0,37.655826568603516
bioav,StandardGP,load_bioav,0,57,37.63955307006836,0.04088997840881348,1464.0,37.655826568603516
bioav,StandardGP,load_bioav,0,58,37.618770599365234,0.04388308525085449,1556.0,37.64530944824219
bioav,StandardGP,load_bioav,0,59,37.618770599365234,0.04288792610168457,1498.0,37.64530944824219
bioav,StandardGP,load_bioav,0,60,37.618770599365234,0.04587745666503906,1620.0,37.64530944824219
bioav,StandardGP,load_bioav,0,61,37.618770599365234,0.04787182807922363,1784.0,37.64530944824219
bioav,StandardGP,load_bioav,0,62,37.618770599365234,0.04488015174865723,1656.0,37.64530944824219
bioav,StandardGP,load_bioav,0,63,37.618770599365234,0.04787182807922363,1722.0,37.64530944824219
bioav,StandardGP,load_bioav,0,64,37.618770599365234,0.04388236999511719,1524.0,37.64530944824219
bioav,StandardGP,load_bioav,0,65,37.618770599365234,0.044879913330078125,1595.0,37.64530944824219
bioav,StandardGP,load_bioav,0,66,37.618770599365234,0.04089021682739258,1499.0,37.64530944824219
bioav,StandardGP,load_bioav,0,67,37.596763610839844,0.040891170501708984,1483.0,37.63666915893555
bioav,StandardGP,load_bioav,0,68,37.596763610839844,0.041889190673828125,1514.0,37.63666915893555
bioav,StandardGP,load_bioav,0,69,37.596763610839844,0.04288744926452637,1511.0,37.63666915893555
bioav,StandardGP,load_bioav,0,70,37.596763610839844,0.041887521743774414,1528.0,37.63666915893555
bioav,StandardGP,load_bioav,0,71,31.183090209960938,0.04089069366455078,1503.0,29.3240909576416
bioav,StandardGP,load_bioav,0,72,31.183090209960938,0.04188799858093262,1587.0,29.3240909576416
bioav,StandardGP,load_bioav,0,73,31.183090209960938,0.040892839431762695,1550.0,29.3240909576416
bioav,StandardGP,load_bioav,0,74,31.183090209960938,0.042885780334472656,1539.0,29.3240909576416
bioav,StandardGP,load_bioav,0,75,31.183090209960938,0.04487919807434082,1580.0,29.3240909576416
bioav,StandardGP,load_bioav,0,76,31.183090209960938,0.04288291931152344,1524.0,29.3240909576416
bioav,StandardGP,load_bioav,0,77,31.183090209960938,0.043883323669433594,1612.0,29.3240909576416
bioav,StandardGP,load_bioav,0,78,31.183090209960938,0.045049190521240234,1654.0,29.3240909576416
bioav,StandardGP,load_bioav,0,79,31.183090209960938,0.04388236999511719,1570.0,29.3240909576416
bioav,StandardGP,load_bioav,0,80,31.183090209960938,0.04288434982299805,1627.0,29.3240909576416
bioav,StandardGP,load_bioav,0,81,31.183090209960938,0.042885541915893555,1583.0,29.3240909576416
bioav,StandardGP,load_bioav,0,82,31.183090209960938,0.04188823699951172,1502.0,29.3240909576416
bioav,StandardGP,load_bioav,0,83,31.183090209960938,0.04487872123718262,1644.0,29.3240909576416
bioav,StandardGP,load_bioav,0,84,31.183090209960938,0.04188799858093262,1519.0,29.3240909576416
bioav,StandardGP,load_bioav,0,85,31.183090209960938,0.04082846641540527,1473.0,29.3240909576416
bioav,StandardGP,load_bioav,0,86,31.183090209960938,0.04089164733886719,1454.0,29.3240909576416
bioav,StandardGP,load_bioav,0,87,31.183090209960938,0.04188799858093262,1474.0,29.3240909576416
bioav,StandardGP,load_bioav,0,88,31.183090209960938,0.04089093208312988,1503.0,29.3240909576416
bioav,StandardGP,load_bioav,0,89,31.183090209960938,0.0438838005065918,1567.0,29.3240909576416
bioav,StandardGP,load_bioav,0,90,31.183090209960938,0.040040016174316406,1464.0,29.3240909576416
bioav,StandardGP,load_bioav,0,91,31.183090209960938,0.04089045524597168,1466.0,29.3240909576416
bioav,StandardGP,load_bioav,0,92,31.183090209960938,0.040891408920288086,1448.0,29.3240909576416
bioav,StandardGP,load_bioav,0,93,31.183090209960938,0.04188847541809082,1526.0,29.3240909576416
bioav,StandardGP,load_bioav,0,94,31.183090209960938,0.04188799858093262,1414.0,29.3240909576416
bioav,StandardGP,load_bioav,0,95,31.183090209960938,0.04188680648803711,1384.0,29.3240909576416
bioav,StandardGP,load_bioav,0,96,31.183090209960938,0.04288482666015625,1438.0,29.3240909576416
bioav,StandardGP,load_bioav,0,97,31.183090209960938,0.040889739990234375,1346.0,29.3240909576416
bioav,StandardGP,load_bioav,0,98,31.183090209960938,0.042887210845947266,1422.0,29.3240909576416
bioav,StandardGP,load_bioav,0,99,30.986591339111328,0.04587841033935547,1529.0,28.45937156677246
bioav,StandardGP,load_bioav,0,100,30.986591339111328,0.04787445068359375,1619.0,28.45937156677246
bioav,StandardGP,load_bioav,load_bioav,1,0,64.4703598022461,0.14261865615844727,1561.0,69.57975006103516
bioav,StandardGP,load_bioav,load_bioav,1,1,61.8035774230957,0.03789854049682617,1034.0,65.29846954345703
bioav,StandardGP,load_bioav,load_bioav,1,2,61.8035774230957,0.03789925575256348,997.0,65.29846954345703
bioav,StandardGP,load_bioav,load_bioav,1,3,32.47748565673828,0.03690147399902344,971.0,29.831865310668945
bioav,StandardGP,load_bioav,load_bioav,1,4,32.47748565673828,0.03291487693786621,923.0,29.831865310668945
bioav,StandardGP,load_bioav,load_bioav,1,5,32.47748565673828,0.03390932083129883,884.0,29.831865310668945
bioav,StandardGP,load_bioav,load_bioav,1,6,32.47748565673828,0.03490710258483887,921.0,29.831865310668945
bioav,StandardGP,load_bioav,load_bioav,1,7,32.47748565673828,0.03191542625427246,948.0,29.831865310668945
bioav,StandardGP,load_bioav,load_bioav,1,8,32.47748565673828,0.034906864166259766,1020.0,29.831865310668945
bioav,StandardGP,load_bioav,load_bioav,1,9,32.47748565673828,0.033908843994140625,1051.0,29.831865310668945
bioav,StandardGP,load_bioav,load_bioav,1,10,32.188358306884766,0.036901235580444336,1131.0,27.757219314575195
bioav,StandardGP,load_bioav,load_bioav,1,11,32.188358306884766,0.03591156005859375,1159.0,27.757219314575195
bioav,StandardGP,load_bioav,load_bioav,1,12,32.188358306884766,0.03690147399902344,1207.0,27.757219314575195
bioav,StandardGP,load_bioav,load_bioav,1,13,32.188358306884766,0.03789877891540527,1230.0,27.757219314575195
bioav,StandardGP,load_bioav,load_bioav,1,14,32.188358306884766,0.039095401763916016,1233.0,27.757219314575195
bioav,StandardGP,load_bioav,load_bioav,1,15,32.188358306884766,0.03889870643615723,1235.0,27.757219314575195
bioav,StandardGP,load_bioav,load_bioav,1,16,32.188358306884766,0.03790092468261719,1283.0,27.757219314575195
bioav,StandardGP,load_bioav,load_bioav,1,17,32.188358306884766,0.03789854049682617,1247.0,27.757219314575195
bioav,StandardGP,load_bioav,load_bioav,1,18,32.188358306884766,0.037897348403930664,1221.0,27.757219314575195
bioav,StandardGP,load_bioav,load_bioav,1,19,32.188358306884766,0.0359041690826416,1147.0,27.757219314575195
bioav,StandardGP,load_bioav,load_bioav,1,20,32.188358306884766,0.03490734100341797,1158.0,27.757219314575195
bioav,StandardGP,load_bioav,load_bioav,1,21,32.188358306884766,0.0359041690826416,1145.0,27.757219314575195
bioav,StandardGP,load_bioav,load_bioav,1,22,32.188358306884766,0.037899017333984375,1252.0,27.757219314575195
bioav,StandardGP,load_bioav,load_bioav,1,23,32.188358306884766,0.03690385818481445,1253.0,27.757219314575195
bioav,StandardGP,load_bioav,load_bioav,1,24,32.188358306884766,0.036900997161865234,1287.0,27.757219314575195
bioav,StandardGP,load_bioav,load_bioav,1,25,32.188358306884766,0.03889632225036621,1286.0,27.757219314575195
bioav,StandardGP,load_bioav,load_bioav,1,26,32.188358306884766,0.04089069366455078,1378.0,27.757219314575195
bioav,StandardGP,load_bioav,load_bioav,1,27,32.188358306884766,0.04003334045410156,1486.0,27.757219314575195
bioav,StandardGP,load_bioav,load_bioav,1,28,32.188358306884766,0.03690075874328613,1386.0,27.757219314575195
bioav,StandardGP,load_bioav,load_bioav,1,29,32.188358306884766,0.03789877891540527,1385.0,27.757219314575195
bioav,StandardGP,load_bioav,load_bioav,1,30,32.188358306884766,0.04089236259460449,1468.0,27.757219314575195
bioav,StandardGP,load_bioav,load_bioav,1,31,32.188358306884766,0.03889608383178711,1504.0,27.757219314575195
bioav,StandardGP,load_bioav,load_bioav,1,32,32.188358306884766,0.03889632225036621,1436.0,27.757219314575195
bioav,StandardGP,load_bioav,load_bioav,1,33,32.188358306884766,0.04196619987487793,1433.0,27.757219314575195
bioav,StandardGP,load_bioav,load_bioav,1,34,32.188358306884766,0.03889608383178711,1396.0,27.757219314575195
bioav,StandardGP,load_bioav,load_bioav,1,35,32.188358306884766,0.03789258003234863,1254.0,27.757219314575195
bioav,StandardGP,load_bioav,load_bioav,1,36,32.188358306884766,0.036900997161865234,1342.0,27.757219314575195
bioav,StandardGP,load_bioav,load_bioav,1,37,32.188358306884766,0.038895368576049805,1415.0,27.757219314575195
bioav,StandardGP,load_bioav,load_bioav,1,38,32.188358306884766,0.03889608383178711,1354.0,27.757219314575195
bioav,StandardGP,load_bioav,load_bioav,1,39,32.188358306884766,0.03789854049682617,1363.0,27.757219314575195
bioav,StandardGP,load_bioav,load_bioav,1,40,32.188358306884766,0.036900997161865234,1386.0,27.757219314575195
bioav,StandardGP,load_bioav,load_bioav,1,41,32.188358306884766,0.04089021682739258,1492.0,27.757219314575195
bioav,StandardGP,load_bioav,load_bioav,1,42,32.188358306884766,0.04089069366455078,1536.0,27.757219314575195
bioav,StandardGP,load_bioav,load_bioav,1,43,32.188358306884766,0.0388951301574707,1537.0,27.757219314575195
bioav,StandardGP,load_bioav,load_bioav,1,44,32.188358306884766,0.04188799858093262,1629.0,27.757219314575195
bioav,StandardGP,load_bioav,load_bioav,1,45,32.188358306884766,0.043042659759521484,1637.0,27.757219314575195
bioav,StandardGP,load_bioav,load_bioav,1,46,32.188358306884766,0.04188799858093262,1667.0,27.757219314575195
bioav,StandardGP,load_bioav,load_bioav,1,47,32.188358306884766,0.038895368576049805,1520.0,27.757219314575195
bioav,StandardGP,load_bioav,load_bioav,1,48,32.188358306884766,0.03989410400390625,1619.0,27.757219314575195
bioav,StandardGP,load_bioav,load_bioav,1,49,32.188358306884766,0.03989386558532715,1573.0,27.757219314575195
bioav,StandardGP,load_bioav,load_bioav,1,50,32.188358306884766,0.042885780334472656,1692.0,27.757219314575195
bioav,StandardGP,load_bioav,load_bioav,1,51,32.188358306884766,0.06781792640686035,1658.0,27.757219314575195
bioav,StandardGP,load_bioav,load_bioav,1,52,32.188358306884766,0.06582379341125488,1764.0,27.757219314575195
bioav,StandardGP,load_bioav,load_bioav,1,53,32.188358306884766,0.045881032943725586,1834.0,27.757219314575195
bioav,StandardGP,load_bioav,load_bioav,1,54,32.188358306884766,0.04787635803222656,1949.0,27.757219314575195
bioav,StandardGP,load_bioav,load_bioav,1,55,32.188358306884766,0.04787278175354004,1820.0,27.757219314575195
bioav,StandardGP,load_bioav,load_bioav,1,56,32.188358306884766,0.04887223243713379,1835.0,27.757219314575195
bioav,StandardGP,load_bioav,load_bioav,1,57,32.08853530883789,0.07388424873352051,1962.0,27.757219314575195
bioav,StandardGP,load_bioav,load_bioav,1,58,32.08853530883789,0.05086708068847656,2006.0,27.757219314575195
bioav,StandardGP,load_bioav,load_bioav,1,59,32.08853530883789,0.05186128616333008,2041.0,27.757219314575195
bioav,StandardGP,load_bioav,load_bioav,1,60,32.08853530883789,0.04886937141418457,1839.0,27.757219314575195
bioav,StandardGP,load_bioav,load_bioav,1,61,32.08853530883789,0.05043387413024902,1951.0,27.757219314575195
bioav,StandardGP,load_bioav,load_bioav,1,62,32.08853530883789,0.05330634117126465,2130.0,27.757219314575195
bioav,StandardGP,load_bioav,load_bioav,1,63,32.08853530883789,0.052858829498291016,2066.0,27.757219314575195
bioav,StandardGP,load_bioav,load_bioav,1,64,32.08853530883789,0.04886960983276367,1872.0,27.757219314575195
bioav,StandardGP,load_bioav,load_bioav,1,65,32.08853530883789,0.04787182807922363,1831.0,27.757219314575195
bioav,StandardGP,load_bioav,load_bioav,1,66,32.08853530883789,0.04887223243713379,1921.0,27.757219314575195
bioav,StandardGP,load_bioav,load_bioav,1,67,32.08853530883789,0.04986715316772461,1879.0,27.757219314575195
bioav,StandardGP,load_bioav,load_bioav,1,68,32.08853530883789,0.047869205474853516,1760.0,27.757219314575195
bioav,StandardGP,load_bioav,load_bioav,1,69,32.08853530883789,0.04488015174865723,1678.0,27.757219314575195
bioav,StandardGP,load_bioav,load_bioav,1,70,32.08853530883789,0.04687643051147461,1738.0,27.757219314575195
bioav,StandardGP,load_bioav,load_bioav,1,71,32.08853530883789,0.04587817192077637,1709.0,27.757219314575195
bioav,StandardGP,load_bioav,load_bioav,1,72,32.08853530883789,0.044877052307128906,1638.0,27.757219314575195
bioav,StandardGP,load_bioav,load_bioav,1,73,32.08853530883789,0.051863908767700195,1942.0,27.757219314575195
bioav,StandardGP,load_bioav,load_bioav,1,74,32.08853530883789,0.04886960983276367,1847.0,27.757219314575195
bioav,StandardGP,load_bioav,load_bioav,1,75,32.08853530883789,0.046874046325683594,1815.0,27.757219314575195
bioav,StandardGP,load_bioav,load_bioav,1,76,32.08853530883789,0.0468747615814209,1837.0,27.757219314575195
bioav,StandardGP,load_bioav,load_bioav,1,77,32.08853530883789,0.04787182807922363,1863.0,27.757219314575195
bioav,StandardGP,load_bioav,load_bioav,1,78,32.08853530883789,0.049866676330566406,2006.0,27.757219314575195
bioav,StandardGP,load_bioav,load_bioav,1,79,32.08853530883789,0.05086541175842285,2080.0,27.757219314575195
bioav,StandardGP,load_bioav,0,0,53.386627197265625,0.12005901336669922,1499.0,55.930503845214844
bioav,StandardGP,load_bioav,0,1,53.386627197265625,0.038030147552490234,1049.0,55.930503845214844
bioav,StandardGP,load_bioav,0,2,53.386627197265625,0.03796577453613281,1073.0,55.930503845214844
bioav,StandardGP,load_bioav,0,3,46.713653564453125,0.03789472579956055,1188.0,48.22517395019531
bioav,StandardGP,load_bioav,0,4,46.31746292114258,0.04488182067871094,1445.0,47.68180465698242
bioav,StandardGP,load_bioav,0,5,45.78874206542969,0.0468745231628418,1670.0,46.98612976074219
bioav,StandardGP,load_bioav,0,6,45.292537689208984,0.04288530349731445,1526.0,46.41214370727539
bioav,StandardGP,load_bioav,0,7,45.27568054199219,0.042885780334472656,1521.0,46.42916488647461
bioav,StandardGP,load_bioav,0,8,45.27568054199219,0.03789877891540527,1323.0,46.42916488647461
bioav,StandardGP,load_bioav,0,9,44.154415130615234,0.036900997161865234,1195.0,44.989933013916016
bioav,StandardGP,load_bioav,0,10,44.154415130615234,0.03690075874328613,1200.0,44.989933013916016
bioav,StandardGP,load_bioav,0,11,42.12828063964844,0.036904096603393555,1203.0,43.67536926269531
bioav,StandardGP,load_bioav,0,12,38.732513427734375,0.034906625747680664,1222.0,36.82756423950195
bioav,StandardGP,load_bioav,0,13,38.732513427734375,0.03390979766845703,1154.0,36.82756423950195
bioav,StandardGP,load_bioav,0,14,38.732513427734375,0.0359039306640625,1125.0,36.82756423950195
bioav,StandardGP,load_bioav,0,15,38.63685607910156,0.035904645919799805,1191.0,35.25839614868164
bioav,StandardGP,load_bioav,0,16,38.48402786254883,0.036901235580444336,1162.0,35.553062438964844
bioav,StandardGP,load_bioav,0,17,38.48402786254883,0.03789877891540527,1217.0,35.553062438964844
bioav,StandardGP,load_bioav,0,18,38.48402786254883,0.03889608383178711,1256.0,35.553062438964844
bioav,StandardGP,load_bioav,0,19,38.48402786254883,0.036901235580444336,1217.0,35.553062438964844
bioav,StandardGP,load_bioav,0,20,38.48402786254883,0.0608372688293457,1226.0,35.553062438964844
bioav,StandardGP,load_bioav,0,21,38.48402786254883,0.03889656066894531,1204.0,35.553062438964844
bioav,StandardGP,load_bioav,0,22,38.48402786254883,0.03789877891540527,1242.0,35.553062438964844
bioav,StandardGP,load_bioav,0,23,38.48402786254883,0.03989362716674805,1320.0,35.553062438964844
bioav,StandardGP,load_bioav,0,24,38.48402786254883,0.04288625717163086,1416.0,35.553062438964844
bioav,StandardGP,load_bioav,0,25,38.48402786254883,0.04088997840881348,1373.0,35.553062438964844
bioav,StandardGP,load_bioav,0,26,38.48402786254883,0.041889190673828125,1379.0,35.553062438964844
bioav,StandardGP,load_bioav,0,27,38.48402786254883,0.039893150329589844,1309.0,35.553062438964844
bioav,StandardGP,load_bioav,0,28,38.48402786254883,0.0388951301574707,1289.0,35.553062438964844
bioav,StandardGP,load_bioav,0,29,38.48402786254883,0.03989291191101074,1357.0,35.553062438964844
bioav,StandardGP,load_bioav,0,30,38.48402786254883,0.03989362716674805,1315.0,35.553062438964844
bioav,StandardGP,load_bioav,0,31,38.48402786254883,0.041889190673828125,1403.0,35.553062438964844
bioav,StandardGP,load_bioav,0,32,38.48402786254883,0.04288458824157715,1393.0,35.553062438964844
bioav,StandardGP,load_bioav,0,33,38.48402786254883,0.04089069366455078,1352.0,35.553062438964844
bioav,StandardGP,load_bioav,0,34,37.73974609375,0.038895606994628906,1366.0,37.74542236328125
bioav,StandardGP,load_bioav,0,35,37.73974609375,0.03989362716674805,1395.0,37.74542236328125
bioav,StandardGP,load_bioav,0,36,37.73974609375,0.03789925575256348,1319.0,37.74542236328125
bioav,StandardGP,load_bioav,0,37,37.73974609375,0.03889870643615723,1292.0,37.74542236328125
bioav,StandardGP,load_bioav,0,38,37.73974609375,0.03490638732910156,1200.0,37.74542236328125
bioav,StandardGP,load_bioav,0,39,37.73974609375,0.0359039306640625,1245.0,37.74542236328125
bioav,StandardGP,load_bioav,0,40,37.73974609375,0.03893470764160156,1315.0,37.74542236328125
bioav,StandardGP,load_bioav,0,41,37.73974609375,0.03490567207336426,1299.0,37.74542236328125
bioav,StandardGP,load_bioav,0,42,37.73974609375,0.03889656066894531,1321.0,37.74542236328125
bioav,StandardGP,load_bioav,0,43,37.73974609375,0.03790092468261719,1315.0,37.74542236328125
bioav,StandardGP,load_bioav,0,44,37.73974609375,0.03690147399902344,1294.0,37.74542236328125
bioav,StandardGP,load_bioav,0,45,37.73974609375,0.0359036922454834,1253.0,37.74542236328125
bioav,StandardGP,load_bioav,0,46,37.73974609375,0.03790020942687988,1279.0,37.74542236328125
bioav,StandardGP,load_bioav,0,47,37.73974609375,0.03889584541320801,1306.0,37.74542236328125
bioav,StandardGP,load_bioav,0,48,37.63955307006836,0.03989148139953613,1382.0,37.655826568603516
bioav,StandardGP,load_bioav,0,49,37.63955307006836,0.03989458084106445,1367.0,37.655826568603516
bioav,StandardGP,load_bioav,0,50,37.63955307006836,0.03989362716674805,1394.0,37.655826568603516
bioav,StandardGP,load_bioav,0,51,37.63955307006836,0.03989362716674805,1422.0,37.655826568603516
bioav,StandardGP,load_bioav,0,52,37.63955307006836,0.04089045524597168,1427.0,37.655826568603516
bioav,StandardGP,load_bioav,0,53,37.63955307006836,0.04188728332519531,1511.0,37.655826568603516
bioav,StandardGP,load_bioav,0,54,37.63955307006836,0.045964717864990234,1635.0,37.655826568603516
bioav,StandardGP,load_bioav,0,55,37.63955307006836,0.041890621185302734,1482.0,37.655826568603516
bioav,StandardGP,load_bioav,0,56,37.63955307006836,0.040891170501708984,1399.0,37.655826568603516
bioav,StandardGP,load_bioav,0,57,37.63955307006836,0.04089045524597168,1464.0,37.655826568603516
bioav,StandardGP,load_bioav,0,58,37.618770599365234,0.043883562088012695,1556.0,37.64530944824219
bioav,StandardGP,load_bioav,0,59,37.618770599365234,0.04288506507873535,1498.0,37.64530944824219
bioav,StandardGP,load_bioav,0,60,37.618770599365234,0.045877695083618164,1620.0,37.64530944824219
bioav,StandardGP,load_bioav,0,61,37.618770599365234,0.04787254333496094,1784.0,37.64530944824219
bioav,StandardGP,load_bioav,0,62,37.618770599365234,0.04587292671203613,1656.0,37.64530944824219
bioav,StandardGP,load_bioav,0,63,37.618770599365234,0.048867225646972656,1722.0,37.64530944824219
bioav,StandardGP,load_bioav,0,0,53.386627197265625,0.09275102615356445,1499.0
bioav,StandardGP,load_bioav,0,0,53.386627197265625,0.13588523864746094,1499.0
bioav,StandardGP,load_bioav,0,0,53.386627197265625,0.12993359565734863,1499.0
bioav,StandardGP,load_bioav,0,0,53.386627197265625,0.13625860214233398,1499.0
bioav,StandardGP,load_bioav,0,0,53.386627197265625,0.09374713897705078,1499.0
bioav,StandardGP,load_bioav,0,1,53.386627197265625,0.04388284683227539,1049.0
bioav,StandardGP,load_bioav,0,0,53.386627197265625,0.09873461723327637,1499.0
bioav,StandardGP,load_bioav,0,1,53.386627197265625,0.06183481216430664,1049.0
bioav,StandardGP,load_bioav,0,2,53.386627197265625,0.058843135833740234,1073.0
bioav,StandardGP,load_bioav,0,3,46.713653564453125,0.03889656066894531,1188.0
bioav,StandardGP,load_bioav,0,4,46.31746292114258,0.042885780334472656,1445.0
bioav,StandardGP,load_bioav,0,5,45.78874206542969,0.045876502990722656,1670.0
bioav,StandardGP,load_bioav,0,6,45.292537689208984,0.043881893157958984,1526.0
bioav,StandardGP,load_bioav,0,7,45.27568054199219,0.043883323669433594,1521.0
bioav,StandardGP,load_bioav,0,8,45.27568054199219,0.03989267349243164,1323.0
bioav,StandardGP,load_bioav,0,9,44.154415130615234,0.03690147399902344,1195.0
bioav,StandardGP,load_bioav,0,10,44.154415130615234,0.03690361976623535,1200.0
bioav,StandardGP,load_bioav,0,11,42.12828063964844,0.03490638732910156,1203.0
bioav,StandardGP,load_bioav,0,12,38.732513427734375,0.0359039306640625,1222.0
bioav,StandardGP,load_bioav,0,13,38.732513427734375,0.035904645919799805,1154.0
bioav,StandardGP,load_bioav,0,14,38.732513427734375,0.03390932083129883,1125.0
bioav,StandardGP,load_bioav,0,15,38.63685607910156,0.037899017333984375,1191.0
bioav,StandardGP,load_bioav,0,16,38.48402786254883,0.037900686264038086,1162.0
bioav,StandardGP,load_bioav,0,17,38.48402786254883,0.0359041690826416,1217.0
bioav,StandardGP,load_bioav,0,18,38.48402786254883,0.03490710258483887,1256.0
bioav,StandardGP,load_bioav,0,19,38.48402786254883,0.05884432792663574,1217.0
bioav,StandardGP,load_bioav,0,20,38.48402786254883,0.03690171241760254,1226.0
bioav,StandardGP,load_bioav,0,21,38.48402786254883,0.03789782524108887,1204.0
bioav,StandardGP,load_bioav,0,22,38.48402786254883,0.03789877891540527,1242.0
bioav,StandardGP,load_bioav,0,23,38.48402786254883,0.04089069366455078,1320.0
bioav,StandardGP,load_bioav,0,24,38.48402786254883,0.040891170501708984,1416.0
bioav,StandardGP,load_bioav,0,25,38.48402786254883,0.03889799118041992,1373.0
bioav,StandardGP,load_bioav,0,26,38.48402786254883,0.042885541915893555,1379.0
bioav,StandardGP,load_bioav,0,27,38.48402786254883,0.03989386558532715,1309.0
bioav,StandardGP,load_bioav,0,28,38.48402786254883,0.038895368576049805,1289.0
bioav,StandardGP,load_bioav,0,29,38.48402786254883,0.037899017333984375,1357.0
bioav,StandardGP,load_bioav,0,30,38.48402786254883,0.03889727592468262,1315.0
bioav,StandardGP,load_bioav,0,31,38.48402786254883,0.040891408920288086,1403.0
bioav,StandardGP,load_bioav,0,32,38.48402786254883,0.04188799858093262,1393.0
bioav,StandardGP,load_bioav,0,33,38.48402786254883,0.037886857986450195,1352.0
bioav,StandardGP,load_bioav,0,34,37.73974609375,0.03789806365966797,1366.0
bioav,StandardGP,load_bioav,0,35,37.73974609375,0.03989434242248535,1395.0
bioav,StandardGP,load_bioav,0,36,37.73974609375,0.04089021682739258,1319.0
bioav,StandardGP,load_bioav,0,37,37.73974609375,0.03889608383178711,1292.0
bioav,StandardGP,load_bioav,0,38,37.73974609375,0.03490710258483887,1200.0
bioav,StandardGP,load_bioav,0,39,37.73974609375,0.03490638732910156,1245.0
bioav,StandardGP,load_bioav,0,40,37.73974609375,0.03789877891540527,1315.0
bioav,StandardGP,load_bioav,0,41,37.73974609375,0.038895368576049805,1299.0
bioav,StandardGP,load_bioav,0,42,37.73974609375,0.037900686264038086,1321.0
bioav,StandardGP,load_bioav,0,43,37.73974609375,0.038895606994628906,1315.0
bioav,StandardGP,load_bioav,0,44,37.73974609375,0.03789877891540527,1294.0
bioav,StandardGP,load_bioav,0,45,37.73974609375,0.03789854049682617,1253.0
bioav,StandardGP,load_bioav,0,46,37.73974609375,0.0359039306640625,1279.0
bioav,StandardGP,load_bioav,0,47,37.73974609375,0.038896799087524414,1306.0
bioav,StandardGP,load_bioav,0,48,37.63955307006836,0.040891170501708984,1382.0
bioav,StandardGP,load_bioav,0,49,37.63955307006836,0.04089021682739258,1367.0
bioav,StandardGP,load_bioav,0,50,37.63955307006836,0.03889608383178711,1394.0
bioav,StandardGP,load_bioav,0,51,37.63955307006836,0.04188799858093262,1422.0
bioav,StandardGP,load_bioav,0,52,37.63955307006836,0.03989362716674805,1427.0
bioav,StandardGP,load_bioav,0,53,37.63955307006836,0.042885780334472656,1511.0
bioav,StandardGP,load_bioav,0,54,37.63955307006836,0.04487895965576172,1635.0
bioav,StandardGP,load_bioav,0,55,37.63955307006836,0.04288625717163086,1482.0
bioav,StandardGP,load_bioav,0,56,37.63955307006836,0.040891170501708984,1399.0
bioav,StandardGP,load_bioav,0,57,37.63955307006836,0.04089021682739258,1464.0
bioav,StandardGP,load_bioav,0,58,37.618770599365234,0.04487967491149902,1556.0
bioav,StandardGP,load_bioav,0,59,37.618770599365234,0.04388236999511719,1498.0
bioav,StandardGP,load_bioav,0,60,37.618770599365234,0.04388260841369629,1620.0
bioav,StandardGP,load_bioav,0,61,37.618770599365234,0.04687976837158203,1784.0
bioav,StandardGP,load_bioav,0,62,37.618770599365234,0.04787254333496094,1656.0
bioav,StandardGP,load_bioav,0,63,37.618770599365234,0.04986858367919922,1722.0
bioav,StandardGP,load_bioav,0,64,37.618770599365234,0.04288482666015625,1524.0
bioav,StandardGP,load_bioav,0,65,37.618770599365234,0.04487872123718262,1595.0
bioav,StandardGP,load_bioav,0,66,37.618770599365234,0.04288816452026367,1499.0
bioav,StandardGP,load_bioav,0,67,37.596763610839844,0.04388308525085449,1483.0
bioav,StandardGP,load_bioav,0,68,37.596763610839844,0.04487800598144531,1514.0
bioav,StandardGP,load_bioav,0,69,37.596763610839844,0.043881893157958984,1511.0
bioav,StandardGP,load_bioav,0,70,37.596763610839844,0.04188990592956543,1528.0
bioav,StandardGP,load_bioav,0,71,31.183090209960938,0.04188823699951172,1503.0
bioav,StandardGP,load_bioav,0,72,31.183090209960938,0.04388284683227539,1587.0
bioav,StandardGP,load_bioav,0,73,31.183090209960938,0.04394674301147461,1550.0
bioav,StandardGP,load_bioav,0,74,31.183090209960938,0.044882774353027344,1539.0
bioav,StandardGP,load_bioav,0,75,31.183090209960938,0.044879913330078125,1580.0
bioav,StandardGP,load_bioav,0,76,31.183090209960938,0.04388284683227539,1524.0
bioav,StandardGP,load_bioav,0,77,31.183090209960938,0.0438847541809082,1612.0
bioav,StandardGP,load_bioav,0,78,31.183090209960938,0.04687190055847168,1654.0
bioav,StandardGP,load_bioav,0,79,31.183090209960938,0.04487919807434082,1570.0
bioav,StandardGP,load_bioav,0,80,31.183090209960938,0.04625391960144043,1627.0
bioav,StandardGP,load_bioav,0,81,31.183090209960938,0.045877695083618164,1583.0
bioav,StandardGP,load_bioav,0,82,31.183090209960938,0.04387998580932617,1502.0
bioav,StandardGP,load_bioav,0,83,31.183090209960938,0.04687690734863281,1644.0
bioav,StandardGP,load_bioav,0,84,31.183090209960938,0.04488062858581543,1519.0
bioav,StandardGP,load_bioav,0,85,31.183090209960938,0.04388308525085449,1473.0
bioav,StandardGP,load_bioav,0,86,31.183090209960938,0.04288673400878906,1454.0
bioav,StandardGP,load_bioav,0,87,31.183090209960938,0.04288601875305176,1474.0
bioav,StandardGP,load_bioav,0,88,31.183090209960938,0.042887210845947266,1503.0
bioav,StandardGP,load_bioav,0,89,31.183090209960938,0.04288601875305176,1567.0
bioav,StandardGP,load_bioav,0,90,31.183090209960938,0.039893388748168945,1464.0
bioav,StandardGP,load_bioav,0,91,31.183090209960938,0.039893150329589844,1466.0
bioav,StandardGP,load_bioav,0,92,31.183090209960938,0.0408930778503418,1448.0
bioav,StandardGP,load_bioav,0,93,31.183090209960938,0.04188823699951172,1526.0
bioav,StandardGP,load_bioav,0,94,31.183090209960938,0.04188728332519531,1414.0
bioav,StandardGP,load_bioav,0,95,31.183090209960938,0.04288458824157715,1384.0
bioav,StandardGP,load_bioav,0,96,31.183090209960938,0.042885541915893555,1438.0
bioav,StandardGP,load_bioav,0,97,31.183090209960938,0.03989434242248535,1346.0
bioav,StandardGP,load_bioav,0,98,31.183090209960938,0.04288291931152344,1422.0
bioav,StandardGP,load_bioav,0,0,53.386627197265625,0.10603046417236328,1499.0,55.930503845214844
bioav,StandardGP,load_bioav,0,1,53.386627197265625,0.038895606994628906,1049.0,55.930503845214844
bioav,StandardGP,load_bioav,0,2,53.386627197265625,0.03789877891540527,1073.0,55.930503845214844
bioav,StandardGP,load_bioav,0,3,46.713653564453125,0.03789854049682617,1188.0,48.22517395019531
bioav,StandardGP,load_bioav,0,4,46.31746292114258,0.04488229751586914,1445.0,47.68180465698242
bioav,StandardGP,load_bioav,0,5,45.78874206542969,0.046874046325683594,1670.0,46.98612976074219
bioav,StandardGP,load_bioav,0,6,45.292537689208984,0.043882131576538086,1526.0,46.41214370727539
bioav,StandardGP,load_bioav,0,7,45.27568054199219,0.043882131576538086,1521.0,46.42916488647461
bioav,StandardGP,load_bioav,0,8,45.27568054199219,0.039893388748168945,1323.0,46.42916488647461
bioav,StandardGP,load_bioav,0,9,44.154415130615234,0.037899017333984375,1195.0,44.989933013916016
bioav,StandardGP,load_bioav,0,10,44.154415130615234,0.03789830207824707,1200.0,44.989933013916016
bioav,StandardGP,load_bioav,0,11,42.12828063964844,0.03690075874328613,1203.0,43.67536926269531
bioav,StandardGP,load_bioav,0,12,38.732513427734375,0.03789854049682617,1222.0,36.82756423950195
bioav,StandardGP,load_bioav,0,13,38.732513427734375,0.03490304946899414,1154.0,36.82756423950195
bioav,StandardGP,load_bioav,0,14,38.732513427734375,0.0359044075012207,1125.0,36.82756423950195
bioav,StandardGP,load_bioav,0,15,38.63685607910156,0.03490638732910156,1191.0,35.25839614868164
bioav,StandardGP,load_bioav,0,16,38.48402786254883,0.03690385818481445,1162.0,35.553062438964844
bioav,StandardGP,load_bioav,0,17,38.48402786254883,0.03989291191101074,1217.0,35.553062438964844
bioav,StandardGP,load_bioav,0,18,38.48402786254883,0.03790140151977539,1256.0,35.553062438964844
bioav,StandardGP,load_bioav,0,19,38.48402786254883,0.03789854049682617,1217.0,35.553062438964844
bioav,StandardGP,load_bioav,0,20,38.48402786254883,0.03690147399902344,1226.0,35.553062438964844
bioav,StandardGP,load_bioav,0,21,38.48402786254883,0.05884361267089844,1204.0,35.553062438964844
bioav,StandardGP,load_bioav,0,22,38.48402786254883,0.03889608383178711,1242.0,35.553062438964844
bioav,StandardGP,load_bioav,0,23,38.48402786254883,0.03989100456237793,1320.0,35.553062438964844
bioav,StandardGP,load_bioav,0,24,38.48402786254883,0.043882131576538086,1416.0,35.553062438964844
bioav,StandardGP,load_bioav,0,25,38.48402786254883,0.04089069366455078,1373.0,35.553062438964844
bioav,StandardGP,load_bioav,0,26,38.48402786254883,0.04089093208312988,1379.0,35.553062438964844
bioav,StandardGP,load_bioav,0,27,38.48402786254883,0.039893388748168945,1309.0,35.553062438964844
bioav,StandardGP,load_bioav,0,28,38.48402786254883,0.038895368576049805,1289.0,35.553062438964844
bioav,StandardGP,load_bioav,0,29,38.48402786254883,0.04089021682739258,1357.0,35.553062438964844
bioav,StandardGP,load_bioav,0,30,38.48402786254883,0.04089188575744629,1315.0,35.553062438964844
bioav,StandardGP,load_bioav,0,31,38.48402786254883,0.04288625717163086,1403.0,35.553062438964844
bioav,StandardGP,load_bioav,0,32,38.48402786254883,0.04388713836669922,1393.0,35.553062438964844
bioav,StandardGP,load_bioav,0,33,38.48402786254883,0.04188728332519531,1352.0,35.553062438964844
bioav,StandardGP,load_bioav,0,34,37.73974609375,0.04089093208312988,1366.0,37.74542236328125
bioav,StandardGP,load_bioav,0,35,37.73974609375,0.04089093208312988,1395.0,37.74542236328125
bioav,StandardGP,load_bioav,0,36,37.73974609375,0.03790140151977539,1319.0,37.74542236328125
bioav,StandardGP,load_bioav,0,37,37.73974609375,0.03789710998535156,1292.0,37.74542236328125
bioav,StandardGP,load_bioav,0,38,37.73974609375,0.03690147399902344,1200.0,37.74542236328125
bioav,StandardGP,load_bioav,0,39,37.73974609375,0.03690171241760254,1245.0,37.74542236328125
bioav,StandardGP,load_bioav,0,40,37.73974609375,0.038893938064575195,1315.0,37.74542236328125
bioav,StandardGP,load_bioav,0,41,37.73974609375,0.03889727592468262,1299.0,37.74542236328125
bioav,StandardGP,load_bioav,0,42,37.73974609375,0.0388941764831543,1321.0,37.74542236328125
bioav,StandardGP,load_bioav,0,43,37.73974609375,0.037897586822509766,1315.0,37.74542236328125
bioav,StandardGP,load_bioav,0,44,37.73974609375,0.035904884338378906,1294.0,37.74542236328125
bioav,StandardGP,load_bioav,0,45,37.73974609375,0.034906864166259766,1253.0,37.74542236328125
bioav,StandardGP,load_bioav,0,46,37.73974609375,0.03590512275695801,1279.0,37.74542236328125
bioav,StandardGP,load_bioav,0,47,37.73974609375,0.04089164733886719,1306.0,37.74542236328125
bioav,StandardGP,load_bioav,0,48,37.63955307006836,0.03989362716674805,1382.0,37.655826568603516
bioav,StandardGP,load_bioav,0,49,37.63955307006836,0.03989291191101074,1367.0,37.655826568603516
bioav,StandardGP,load_bioav,0,50,37.63955307006836,0.040888071060180664,1394.0,37.655826568603516
bioav,StandardGP,load_bioav,0,51,37.63955307006836,0.04288625717163086,1422.0,37.655826568603516
bioav,StandardGP,load_bioav,0,52,37.63955307006836,0.04288601875305176,1427.0,37.655826568603516
bioav,StandardGP,load_bioav,0,53,37.63955307006836,0.043883562088012695,1511.0,37.655826568603516
bioav,StandardGP,load_bioav,0,54,37.63955307006836,0.04586529731750488,1635.0,37.655826568603516
bioav,StandardGP,load_bioav,0,55,37.63955307006836,0.042885780334472656,1482.0,37.655826568603516
bioav,StandardGP,load_bioav,0,56,37.63955307006836,0.04288649559020996,1399.0,37.655826568603516
bioav,StandardGP,load_bioav,0,57,37.63955307006836,0.04288601875305176,1464.0,37.655826568603516
bioav,StandardGP,load_bioav,0,58,37.618770599365234,0.04487729072570801,1556.0,37.64530944824219
bioav,StandardGP,load_bioav,0,59,37.618770599365234,0.042885780334472656,1498.0,37.64530944824219
bioav,StandardGP,load_bioav,0,60,37.618770599365234,0.04887127876281738,1620.0,37.64530944824219
bioav,StandardGP,load_bioav,0,61,37.618770599365234,0.07194948196411133,1784.0,37.64530944824219
bioav,StandardGP,load_bioav,0,62,37.618770599365234,0.06881594657897949,1656.0,37.64530944824219
bioav,StandardGP,load_bioav,0,63,37.618770599365234,0.04787135124206543,1722.0,37.64530944824219
bioav,StandardGP,load_bioav,0,64,37.618770599365234,0.04288458824157715,1524.0,37.64530944824219
bioav,StandardGP,load_bioav,0,65,37.618770599365234,0.04488110542297363,1595.0,37.64530944824219
bioav,StandardGP,load_bioav,0,66,37.618770599365234,0.04189133644104004,1499.0,37.64530944824219
bioav,StandardGP,load_bioav,0,67,37.596763610839844,0.040889739990234375,1483.0,37.63666915893555
bioav,StandardGP,load_bioav,0,68,37.596763610839844,0.04089093208312988,1514.0,37.63666915893555
bioav,StandardGP,load_bioav,0,69,37.596763610839844,0.04188799858093262,1511.0,37.63666915893555
bioav,StandardGP,load_bioav,0,70,37.596763610839844,0.041887760162353516,1528.0,37.63666915893555
bioav,StandardGP,load_bioav,0,71,31.183090209960938,0.04189014434814453,1503.0,29.3240909576416
bioav,StandardGP,load_bioav,0,72,31.183090209960938,0.04288339614868164,1587.0,29.3240909576416
bioav,StandardGP,load_bioav,0,73,31.183090209960938,0.041887760162353516,1550.0,29.3240909576416
bioav,StandardGP,load_bioav,0,74,31.183090209960938,0.040891170501708984,1539.0,29.3240909576416
bioav,StandardGP,load_bioav,0,75,31.183090209960938,0.04288172721862793,1580.0,29.3240909576416
bioav,StandardGP,load_bioav,0,76,31.183090209960938,0.04288530349731445,1524.0,29.3240909576416
bioav,StandardGP,load_bioav,0,77,31.183090209960938,0.04487943649291992,1612.0,29.3240909576416
bioav,StandardGP,load_bioav,0,78,31.183090209960938,0.04388284683227539,1654.0,29.3240909576416
bioav,StandardGP,load_bioav,0,79,31.183090209960938,0.04188799858093262,1570.0,29.3240909576416
bioav,StandardGP,load_bioav,0,80,31.183090209960938,0.04288530349731445,1627.0,29.3240909576416
bioav,StandardGP,load_bioav,0,81,31.183090209960938,0.04304337501525879,1583.0,29.3240909576416
bioav,StandardGP,load_bioav,0,82,31.183090209960938,0.03989291191101074,1502.0,29.3240909576416
bioav,StandardGP,load_bioav,0,83,31.183090209960938,0.04487752914428711,1644.0,29.3240909576416
bioav,StandardGP,load_bioav,0,0,53.386627197265625,0.1319880485534668,1499.0,55.930503845214844
bioav,StandardGP,load_bioav,0,1,53.386627197265625,0.03898191452026367,1049.0,55.930503845214844
bioav,StandardGP,load_bioav,0,2,53.386627197265625,0.04388093948364258,1073.0,55.930503845214844
bioav,StandardGP,load_bioav,0,3,46.713653564453125,0.03989434242248535,1188.0,48.22517395019531
bioav,StandardGP,load_bioav,0,4,46.31746292114258,0.0438845157623291,1445.0,47.68180465698242
bioav,StandardGP,load_bioav,0,5,45.78874206542969,0.04787135124206543,1670.0,46.98612976074219
bioav,StandardGP,load_bioav,0,6,45.292537689208984,0.04488039016723633,1526.0,46.41214370727539
bioav,StandardGP,load_bioav,0,7,45.27568054199219,0.04388308525085449,1521.0,46.42916488647461
bioav,StandardGP,load_bioav,0,8,45.27568054199219,0.039893388748168945,1323.0,46.42916488647461
bioav,StandardGP,load_bioav,0,9,44.154415130615234,0.03789877891540527,1195.0,44.989933013916016
bioav,StandardGP,load_bioav,0,10,44.154415130615234,0.038895368576049805,1200.0,44.989933013916016
bioav,StandardGP,load_bioav,0,11,42.12828063964844,0.03889894485473633,1203.0,43.67536926269531
bioav,StandardGP,load_bioav,0,12,38.732513427734375,0.036901235580444336,1222.0,36.82756423950195
bioav,StandardGP,load_bioav,0,13,38.732513427734375,0.03690075874328613,1154.0,36.82756423950195
bioav,StandardGP,load_bioav,0,14,38.732513427734375,0.036900997161865234,1125.0,36.82756423950195
bioav,StandardGP,load_bioav,0,15,38.63685607910156,0.036904335021972656,1191.0,35.25839614868164
bioav,StandardGP,load_bioav,0,16,38.48402786254883,0.038895606994628906,1162.0,35.553062438964844
bioav,StandardGP,load_bioav,0,17,38.48402786254883,0.04787015914916992,1217.0,35.553062438964844
bioav,StandardGP,load_bioav,0,18,38.48402786254883,0.039893388748168945,1256.0,35.553062438964844
bioav,StandardGP,load_bioav,0,19,38.48402786254883,0.03889608383178711,1217.0,35.553062438964844
bioav,StandardGP,load_bioav,0,20,38.48402786254883,0.03902721405029297,1226.0,35.553062438964844
bioav,StandardGP,load_bioav,0,21,38.48402786254883,0.03690385818481445,1204.0,35.553062438964844
bioav,StandardGP,load_bioav,0,22,38.48402786254883,0.03889584541320801,1242.0,35.553062438964844
bioav,StandardGP,load_bioav,0,23,38.48402786254883,0.04188847541809082,1320.0,35.553062438964844
bioav,StandardGP,load_bioav,0,24,38.48402786254883,0.04487919807434082,1416.0,35.553062438964844
bioav,StandardGP,load_bioav,0,25,38.48402786254883,0.04288840293884277,1373.0,35.553062438964844
bioav,StandardGP,load_bioav,0,26,38.48402786254883,0.04388236999511719,1379.0,35.553062438964844
bioav,StandardGP,load_bioav,0,27,38.48402786254883,0.0408933162689209,1309.0,35.553062438964844
bioav,StandardGP,load_bioav,0,28,38.48402786254883,0.04089021682739258,1289.0,35.553062438964844
bioav,StandardGP,load_bioav,0,29,38.48402786254883,0.04188656806945801,1357.0,35.553062438964844
bioav,StandardGP,load_bioav,0,30,38.48402786254883,0.0418858528137207,1315.0,35.553062438964844
bioav,StandardGP,load_bioav,0,31,38.48402786254883,0.04388284683227539,1403.0,35.553062438964844
bioav,StandardGP,load_bioav,0,32,38.48402786254883,0.04388117790222168,1393.0,35.553062438964844
bioav,StandardGP,load_bioav,0,33,38.48402786254883,0.04288530349731445,1352.0,35.553062438964844
bioav,StandardGP,load_bioav,0,34,37.73974609375,0.041954755783081055,1366.0,37.74542236328125
bioav,StandardGP,load_bioav,0,35,37.73974609375,0.041971445083618164,1395.0,37.74542236328125
bioav,StandardGP,load_bioav,0,36,37.73974609375,0.0408930778503418,1319.0,37.74542236328125
bioav,StandardGP,load_bioav,0,37,37.73974609375,0.03896045684814453,1292.0,37.74542236328125
bioav,StandardGP,load_bioav,0,38,37.73974609375,0.03789854049682617,1200.0,37.74542236328125
bioav,StandardGP,load_bioav,0,39,37.73974609375,0.03789925575256348,1245.0,37.74542236328125
bioav,StandardGP,load_bioav,0,40,37.73974609375,0.04012727737426758,1315.0,37.74542236328125
bioav,StandardGP,load_bioav,0,41,37.73974609375,0.039049386978149414,1299.0,37.74542236328125
bioav,StandardGP,load_bioav,0,42,37.73974609375,0.03989458084106445,1321.0,37.74542236328125
bioav,StandardGP,load_bioav,0,43,37.73974609375,0.0391385555267334,1315.0,37.74542236328125
bioav,StandardGP,load_bioav,0,44,37.73974609375,0.038895606994628906,1294.0,37.74542236328125
bioav,StandardGP,load_bioav,0,45,37.73974609375,0.03789854049682617,1253.0,37.74542236328125
bioav,StandardGP,load_bioav,0,46,37.73974609375,0.03889894485473633,1279.0,37.74542236328125
bioav,StandardGP,load_bioav,0,47,37.73974609375,0.039893388748168945,1306.0,37.74542236328125
bioav,StandardGP,load_bioav,0,48,37.63955307006836,0.03989577293395996,1382.0,37.655826568603516
bioav,StandardGP,load_bioav,0,49,37.63955307006836,0.03997492790222168,1367.0,37.655826568603516
bioav,StandardGP,load_bioav,0,50,37.63955307006836,0.03989410400390625,1394.0,37.655826568603516
bioav,StandardGP,load_bioav,0,51,37.63955307006836,0.04188990592956543,1422.0,37.655826568603516
bioav,StandardGP,load_bioav,0,52,37.63955307006836,0.04188728332519531,1427.0,37.655826568603516
bioav,StandardGP,load_bioav,0,53,37.63955307006836,0.04188823699951172,1511.0,37.655826568603516
bioav,StandardGP,load_bioav,0,54,37.63955307006836,0.04587745666503906,1635.0,37.655826568603516
bioav,StandardGP,load_bioav,0,55,37.63955307006836,0.04187750816345215,1482.0,37.655826568603516
bioav,StandardGP,load_bioav,0,56,37.63955307006836,0.04388260841369629,1399.0,37.655826568603516
bioav,StandardGP,load_bioav,0,57,37.63955307006836,0.04298114776611328,1464.0,37.655826568603516
bioav,StandardGP,load_bioav,0,58,37.618770599365234,0.04387474060058594,1556.0,37.64530944824219
bioav,StandardGP,load_bioav,0,59,37.618770599365234,0.04288482666015625,1498.0,37.64530944824219
bioav,StandardGP,load_bioav,0,60,37.618770599365234,0.046874284744262695,1620.0,37.64530944824219
bioav,StandardGP,load_bioav,0,61,37.618770599365234,0.04986906051635742,1784.0,37.64530944824219
bioav,StandardGP,load_bioav,0,62,37.618770599365234,0.04687380790710449,1656.0,37.64530944824219
bioav,StandardGP,load_bioav,0,63,37.618770599365234,0.04886984825134277,1722.0,37.64530944824219
bioav,StandardGP,load_bioav,0,64,37.618770599365234,0.04388260841369629,1524.0,37.64530944824219
bioav,StandardGP,load_bioav,0,65,37.618770599365234,0.04587721824645996,1595.0,37.64530944824219
bioav,StandardGP,load_bioav,0,66,37.618770599365234,0.04288458824157715,1499.0,37.64530944824219
bioav,StandardGP,load_bioav,0,67,37.596763610839844,0.04388260841369629,1483.0,37.63666915893555
bioav,StandardGP,load_bioav,0,68,37.596763610839844,0.04189324378967285,1514.0,37.63666915893555
bioav,StandardGP,load_bioav,0,69,37.596763610839844,0.04089069366455078,1511.0,37.63666915893555
StandardGP,load_bioav,0,0,53.386627197265625,0.10471892356872559,1499.0,55.930503845214844
StandardGP,bioav,0,1,53.386627197265625,0.05286002159118652,1049.0,55.930503845214844
StandardGP,bioav,0,2,53.386627197265625,0.0528564453125,1073.0,55.930503845214844
StandardGP,bioav,0,3,46.713653564453125,0.03889584541320801,1188.0,48.22517395019531
StandardGP,bioav,0,4,46.31746292114258,0.04288816452026367,1445.0,47.68180465698242
StandardGP,bioav,0,5,45.78874206542969,0.04787182807922363,1670.0,46.98612976074219
StandardGP,bioav,0,6,45.292537689208984,0.04388165473937988,1526.0,46.41214370727539
StandardGP,bioav,0,7,45.27568054199219,0.04487919807434082,1521.0,46.42916488647461
StandardGP,bioav,0,8,45.27568054199219,0.04188799858093262,1323.0,46.42916488647461
StandardGP,bioav,0,9,44.154415130615234,0.03790140151977539,1195.0,44.989933013916016
StandardGP,bioav,0,10,44.154415130615234,0.0390467643737793,1200.0,44.989933013916016
StandardGP,bioav,0,11,42.12828063964844,0.03889822959899902,1203.0,43.67536926269531
StandardGP,bioav,0,12,38.732513427734375,0.03690171241760254,1222.0,36.82756423950195
StandardGP,bioav,0,13,38.732513427734375,0.035903215408325195,1154.0,36.82756423950195
StandardGP,bioav,0,14,38.732513427734375,0.0359044075012207,1125.0,36.82756423950195
StandardGP,bioav,0,15,38.63685607910156,0.03789687156677246,1191.0,35.25839614868164
StandardGP,bioav,0,16,38.48402786254883,0.03790092468261719,1162.0,35.553062438964844
StandardGP,bioav,0,17,38.48402786254883,0.0599207878112793,1217.0,35.553062438964844
StandardGP,bioav,0,18,38.48402786254883,0.03989362716674805,1256.0,35.553062438964844
StandardGP,bioav,0,19,38.48402786254883,0.03889608383178711,1217.0,35.553062438964844
StandardGP,bioav,0,20,38.48402786254883,0.03789830207824707,1226.0,35.553062438964844
StandardGP,bioav,0,21,38.48402786254883,0.03789877891540527,1204.0,35.553062438964844
StandardGP,bioav,0,22,38.48402786254883,0.03789639472961426,1242.0,35.553062438964844
StandardGP,bioav,0,23,38.48402786254883,0.039913177490234375,1320.0,35.553062438964844
StandardGP,bioav,0,24,38.48402786254883,0.04188966751098633,1416.0,35.553062438964844
StandardGP,bioav,0,25,38.48402786254883,0.040889739990234375,1373.0,35.553062438964844
StandardGP,bioav,0,26,38.48402786254883,0.04188728332519531,1379.0,35.553062438964844
StandardGP,bioav,0,27,38.48402786254883,0.039893388748168945,1309.0,35.553062438964844
StandardGP,bioav,0,28,38.48402786254883,0.03889632225036621,1289.0,35.553062438964844
StandardGP,bioav,0,29,38.48402786254883,0.04088997840881348,1357.0,35.553062438964844
StandardGP,bioav,0,30,38.48402786254883,0.03989362716674805,1315.0,35.553062438964844
StandardGP,bioav,0,31,38.48402786254883,0.042877912521362305,1403.0,35.553062438964844
StandardGP,bioav,0,32,38.48402786254883,0.04288506507873535,1393.0,35.553062438964844
StandardGP,bioav,0,33,38.48402786254883,0.04288506507873535,1352.0,35.553062438964844
StandardGP,bioav,0,34,37.73974609375,0.04089045524597168,1366.0,37.74542236328125
StandardGP,bioav,0,35,37.73974609375,0.04097175598144531,1395.0,37.74542236328125
StandardGP,bioav,0,36,37.73974609375,0.0388951301574707,1319.0,37.74542236328125
StandardGP,bioav,0,37,37.73974609375,0.03889346122741699,1292.0,37.74542236328125
StandardGP,bioav,0,38,37.73974609375,0.03690028190612793,1200.0,37.74542236328125
StandardGP,bioav,0,39,37.73974609375,0.03690147399902344,1245.0,37.74542236328125
StandardGP,bioav,0,40,37.73974609375,0.04088902473449707,1315.0,37.74542236328125
StandardGP,bioav,0,41,37.73974609375,0.035903215408325195,1299.0,37.74542236328125
StandardGP,bioav,0,42,37.73974609375,0.03789854049682617,1321.0,37.74542236328125
StandardGP,bioav,0,43,37.73974609375,0.03690147399902344,1315.0,37.74542236328125
StandardGP,bioav,0,44,37.73974609375,0.036900997161865234,1294.0,37.74542236328125
StandardGP,bioav,0,45,37.73974609375,0.036901235580444336,1253.0,37.74542236328125
StandardGP,bioav,0,46,37.73974609375,0.036900997161865234,1279.0,37.74542236328125
StandardGP,bioav,0,47,37.73974609375,0.03990817070007324,1306.0,37.74542236328125
StandardGP,bioav,0,48,37.63955307006836,0.03889656066894531,1382.0,37.655826568603516
StandardGP,bioav,0,49,37.63955307006836,0.03889608383178711,1367.0,37.655826568603516
StandardGP,bioav,0,50,37.63955307006836,0.039893388748168945,1394.0,37.655826568603516
StandardGP,bioav,0,51,37.63955307006836,0.03889822959899902,1422.0,37.655826568603516
StandardGP,bioav,0,52,37.63955307006836,0.039893388748168945,1427.0,37.655826568603516
StandardGP,bioav,0,53,37.63955307006836,0.0418858528137207,1511.0,37.655826568603516
StandardGP,bioav,0,54,37.63955307006836,0.04487943649291992,1635.0,37.655826568603516
StandardGP,bioav,0,55,37.63955307006836,0.041881561279296875,1482.0,37.655826568603516
StandardGP,bioav,0,56,37.63955307006836,0.03989291191101074,1399.0,37.655826568603516
StandardGP,bioav,0,57,37.63955307006836,0.04188871383666992,1464.0,37.655826568603516
StandardGP,bioav,0,58,37.618770599365234,0.04388284683227539,1556.0,37.64530944824219
StandardGP,bioav,0,59,37.618770599365234,0.04289126396179199,1498.0,37.64530944824219
StandardGP,bioav,0,60,37.618770599365234,0.0468752384185791,1620.0,37.64530944824219
StandardGP,bioav,0,61,37.618770599365234,0.048871755599975586,1784.0,37.64530944824219
StandardGP,bioav,0,62,37.618770599365234,0.046874284744262695,1656.0,37.64530944824219
StandardGP,bioav,0,63,37.618770599365234,0.04886889457702637,1722.0,37.64530944824219
StandardGP,bioav,0,64,37.618770599365234,0.04288530349731445,1524.0,37.64530944824219
StandardGP,bioav,0,65,37.618770599365234,0.04288482666015625,1595.0,37.64530944824219
StandardGP,bioav,0,66,37.618770599365234,0.04089021682739258,1499.0,37.64530944824219
StandardGP,bioav,0,67,37.596763610839844,0.03989219665527344,1483.0,37.63666915893555
StandardGP,bioav,0,68,37.596763610839844,0.04288506507873535,1514.0,37.63666915893555
StandardGP,bioav,0,69,37.596763610839844,0.0438847541809082,1511.0,37.63666915893555
StandardGP,bioav,0,70,37.596763610839844,0.04288458824157715,1528.0,37.63666915893555
StandardGP,bioav,0,71,31.183090209960938,0.04196929931640625,1503.0,29.3240909576416
StandardGP,bioav,0,72,31.183090209960938,0.044877052307128906,1587.0,29.3240909576416
StandardGP,bioav,0,73,31.183090209960938,0.04288530349731445,1550.0,29.3240909576416
StandardGP,bioav,0,74,31.183090209960938,0.04288482666015625,1539.0,29.3240909576416
StandardGP,bioav,0,75,31.183090209960938,0.0438847541809082,1580.0,29.3240909576416
StandardGP,bioav,0,76,31.183090209960938,0.04288792610168457,1524.0,29.3240909576416
StandardGP,bioav,0,77,31.183090209960938,0.04388236999511719,1612.0,29.3240909576416
StandardGP,bioav,0,78,31.183090209960938,0.044877052307128906,1654.0,29.3240909576416
StandardGP,bioav,0,79,31.183090209960938,0.04388570785522461,1570.0,29.3240909576416
StandardGP,bioav,0,80,31.183090209960938,0.04387998580932617,1627.0,29.3240909576416
StandardGP,bioav,0,81,31.183090209960938,0.043884992599487305,1583.0,29.3240909576416
StandardGP,bioav,0,82,31.183090209960938,0.038895368576049805,1502.0,29.3240909576416
StandardGP,bioav,0,83,31.183090209960938,0.04487800598144531,1644.0,29.3240909576416
StandardGP,bioav,0,84,31.183090209960938,0.04189014434814453,1519.0,29.3240909576416
StandardGP,bioav,0,85,31.183090209960938,0.04088854789733887,1473.0,29.3240909576416
StandardGP,bioav,0,86,31.183090209960938,0.04172229766845703,1454.0,29.3240909576416
StandardGP,bioav,0,87,31.183090209960938,0.04288458824157715,1474.0,29.3240909576416
StandardGP,bioav,0,88,31.183090209960938,0.04089188575744629,1503.0,29.3240909576416
StandardGP,bioav,0,89,31.183090209960938,0.04288458824157715,1567.0,29.3240909576416
StandardGP,bioav,0,90,31.183090209960938,0.038895368576049805,1464.0,29.3240909576416
StandardGP,bioav,0,91,31.183090209960938,0.039893150329589844,1466.0,29.3240909576416
StandardGP,bioav,0,92,31.183090209960938,0.03889584541320801,1448.0,29.3240909576416
StandardGP,bioav,0,93,31.183090209960938,0.041887760162353516,1526.0,29.3240909576416
StandardGP,bioav,0,94,31.183090209960938,0.03989362716674805,1414.0,29.3240909576416
StandardGP,bioav,0,95,31.183090209960938,0.0418858528137207,1384.0,29.3240909576416
StandardGP,bioav,0,96,31.183090209960938,0.04089093208312988,1438.0,29.3240909576416
StandardGP,bioav,0,97,31.183090209960938,0.03889894485473633,1346.0,29.3240909576416
StandardGP,bioav,0,98,31.183090209960938,0.039893388748168945,1422.0,29.3240909576416
StandardGP,bioav,0,99,30.986591339111328,0.04288506507873535,1529.0,28.45937156677246
StandardGP,bioav,0,100,30.986591339111328,0.046875953674316406,1619.0,28.45937156677246
StandardGP,bioav,load_bioav,1,0,64.4703598022461,0.1500687599182129,1561.0,69.57975006103516
StandardGP,bioav,bioav,1,1,61.8035774230957,0.03989267349243164,1034.0,65.29846954345703
StandardGP,bioav,bioav,1,2,61.8035774230957,0.04886794090270996,997.0,65.29846954345703
StandardGP,bioav,bioav,1,3,32.47748565673828,0.03594684600830078,971.0,29.831865310668945
StandardGP,bioav,bioav,1,4,32.47748565673828,0.031914472579956055,923.0,29.831865310668945
StandardGP,bioav,bioav,1,5,32.47748565673828,0.03291177749633789,884.0,29.831865310668945
StandardGP,bioav,bioav,1,6,32.47748565673828,0.03391003608703613,921.0,29.831865310668945
StandardGP,bioav,bioav,1,7,32.47748565673828,0.031915903091430664,948.0,29.831865310668945
StandardGP,bioav,bioav,1,8,32.47748565673828,0.034906625747680664,1020.0,29.831865310668945
StandardGP,bioav,bioav,1,9,32.47748565673828,0.034906864166259766,1051.0,29.831865310668945
StandardGP,bioav,bioav,1,10,32.188358306884766,0.035904645919799805,1131.0,27.757219314575195
StandardGP,bioav,bioav,1,11,32.188358306884766,0.03790140151977539,1159.0,27.757219314575195
StandardGP,bioav,bioav,1,12,32.188358306884766,0.0359044075012207,1207.0,27.757219314575195
StandardGP,bioav,bioav,1,13,32.188358306884766,0.03690361976623535,1230.0,27.757219314575195
StandardGP,bioav,bioav,1,14,32.188358306884766,0.03789806365966797,1233.0,27.757219314575195
StandardGP,bioav,bioav,1,15,32.188358306884766,0.03893780708312988,1235.0,27.757219314575195
StandardGP,bioav,bioav,1,16,32.188358306884766,0.03690028190612793,1283.0,27.757219314575195
StandardGP,bioav,bioav,1,17,32.188358306884766,0.03590679168701172,1247.0,27.757219314575195
StandardGP,bioav,bioav,1,18,32.188358306884766,0.03690195083618164,1221.0,27.757219314575195
StandardGP,bioav,bioav,1,19,32.188358306884766,0.03390932083129883,1147.0,27.757219314575195
StandardGP,bioav,bioav,1,20,32.188358306884766,0.03490805625915527,1158.0,27.757219314575195
StandardGP,bioav,bioav,1,21,32.188358306884766,0.03390908241271973,1145.0,27.757219314575195
StandardGP,bioav,bioav,1,22,32.188358306884766,0.0368952751159668,1252.0,27.757219314575195
StandardGP,bioav,bioav,1,23,32.188358306884766,0.03591156005859375,1253.0,27.757219314575195
StandardGP,bioav,bioav,1,24,32.188358306884766,0.03690195083618164,1287.0,27.757219314575195
StandardGP,bioav,bioav,1,25,32.188358306884766,0.036900997161865234,1286.0,27.757219314575195
StandardGP,bioav,bioav,1,26,32.188358306884766,0.04089069366455078,1378.0,27.757219314575195
StandardGP,bioav,bioav,1,27,32.188358306884766,0.03989410400390625,1486.0,27.757219314575195
StandardGP,bioav,bioav,1,28,32.188358306884766,0.03690075874328613,1386.0,27.757219314575195
StandardGP,bioav,bioav,1,29,32.188358306884766,0.0388946533203125,1385.0,27.757219314575195
StandardGP,load_bioav,0,0,53.386627197265625,0.1400597095489502,1499.0,55.930503845214844
StandardGP,bioav,0,1,53.386627197265625,0.04488015174865723,1049.0,55.930503845214844
StandardGP,bioav,0,2,53.386627197265625,0.05390524864196777,1073.0,55.930503845214844
StandardGP,bioav,0,3,46.713653564453125,0.03792762756347656,1188.0,48.22517395019531
StandardGP,bioav,0,4,46.31746292114258,0.04288458824157715,1445.0,47.68180465698242
StandardGP,bioav,0,5,45.78874206542969,0.04645657539367676,1670.0,46.98612976074219
StandardGP,bioav,0,6,45.292537689208984,0.04288482666015625,1526.0,46.41214370727539
StandardGP,bioav,0,7,45.27568054199219,0.04288482666015625,1521.0,46.42916488647461
StandardGP,bioav,0,8,45.27568054199219,0.038898468017578125,1323.0,46.42916488647461
StandardGP,bioav,0,9,44.154415130615234,0.035903215408325195,1195.0,44.989933013916016
StandardGP,bioav,0,10,44.154415130615234,0.03690004348754883,1200.0,44.989933013916016
StandardGP,bioav,0,11,42.12828063964844,0.037897586822509766,1203.0,43.67536926269531
StandardGP,bioav,0,12,38.732513427734375,0.03690218925476074,1222.0,36.82756423950195
StandardGP,bioav,0,13,38.732513427734375,0.03690052032470703,1154.0,36.82756423950195
StandardGP,bioav,0,14,38.732513427734375,0.036902427673339844,1125.0,36.82756423950195
StandardGP,bioav,0,15,38.63685607910156,0.03490614891052246,1191.0,35.25839614868164
StandardGP,bioav,0,16,38.48402786254883,0.03789949417114258,1162.0,35.553062438964844
StandardGP,bioav,0,17,38.48402786254883,0.040331363677978516,1217.0,35.553062438964844
StandardGP,bioav,0,18,38.48402786254883,0.0608367919921875,1256.0,35.553062438964844
StandardGP,bioav,0,19,38.48402786254883,0.03789782524108887,1217.0,35.553062438964844
StandardGP,bioav,0,20,38.48402786254883,0.03789854049682617,1226.0,35.553062438964844
StandardGP,bioav,0,21,38.48402786254883,0.03889656066894531,1204.0,35.553062438964844
StandardGP,bioav,0,22,38.48402786254883,0.036904096603393555,1242.0,35.553062438964844
StandardGP,bioav,0,23,38.48402786254883,0.040891170501708984,1320.0,35.553062438964844
StandardGP,bioav,0,24,38.48402786254883,0.04388260841369629,1416.0,35.553062438964844
StandardGP,bioav,0,25,38.48402786254883,0.041889190673828125,1373.0,35.553062438964844
StandardGP,bioav,0,26,38.48402786254883,0.04188799858093262,1379.0,35.553062438964844
StandardGP,bioav,0,27,38.48402786254883,0.03989291191101074,1309.0,35.553062438964844
StandardGP,bioav,0,28,38.48402786254883,0.04089069366455078,1289.0,35.553062438964844
StandardGP,bioav,0,29,38.48402786254883,0.040891170501708984,1357.0,35.553062438964844
StandardGP,bioav,0,30,38.48402786254883,0.040889739990234375,1315.0,35.553062438964844
StandardGP,bioav,0,31,38.48402786254883,0.04088926315307617,1403.0,35.553062438964844
StandardGP,bioav,0,32,38.48402786254883,0.04388236999511719,1393.0,35.553062438964844
StandardGP,bioav,0,33,38.48402786254883,0.04188966751098633,1352.0,35.553062438964844
StandardGP,bioav,0,34,37.73974609375,0.03989267349243164,1366.0,37.74542236328125
StandardGP,bioav,0,35,37.73974609375,0.039893150329589844,1395.0,37.74542236328125
StandardGP,bioav,0,36,37.73974609375,0.03789877891540527,1319.0,37.74542236328125
StandardGP,bioav,0,37,37.73974609375,0.03915882110595703,1292.0,37.74542236328125
StandardGP,bioav,0,38,37.73974609375,0.03796696662902832,1200.0,37.74542236328125
StandardGP,load_bioav,0,0,53.386627197265625,0.0967397689819336,1499.0,55.930503845214844
StandardGP,bioav,0,1,53.386627197265625,0.03789925575256348,1049.0,55.930503845214844
StandardGP,bioav,0,2,53.386627197265625,0.05784487724304199,1073.0,55.930503845214844
StandardGP,bioav,0,3,46.713653564453125,0.046875,1188.0,48.22517395019531
StandardGP,bioav,0,4,46.31746292114258,0.04288840293884277,1445.0,47.68180465698242
StandardGP,bioav,0,5,45.78874206542969,0.04787278175354004,1670.0,46.98612976074219
StandardGP,bioav,0,6,45.292537689208984,0.044043540954589844,1526.0,46.41214370727539
StandardGP,bioav,0,7,45.27568054199219,0.04388260841369629,1521.0,46.42916488647461
StandardGP,bioav,0,8,45.27568054199219,0.03989386558532715,1323.0,46.42916488647461
StandardGP,bioav,0,9,44.154415130615234,0.037895917892456055,1195.0,44.989933013916016
StandardGP,bioav,0,10,44.154415130615234,0.03889632225036621,1200.0,44.989933013916016
StandardGP,bioav,0,11,42.12828063964844,0.03789877891540527,1203.0,43.67536926269531
StandardGP,bioav,0,12,38.732513427734375,0.036901235580444336,1222.0,36.82756423950195
StandardGP,bioav,0,13,38.732513427734375,0.03689908981323242,1154.0,36.82756423950195
StandardGP,bioav,0,14,38.732513427734375,0.0359036922454834,1125.0,36.82756423950195
StandardGP,bioav,0,15,38.63685607910156,0.03690075874328613,1191.0,35.25839614868164
StandardGP,bioav,0,16,38.48402786254883,0.03789806365966797,1162.0,35.553062438964844
StandardGP,bioav,0,17,38.48402786254883,0.039893388748168945,1217.0,35.553062438964844
StandardGP,bioav,0,18,38.48402786254883,0.03989267349243164,1256.0,35.553062438964844
StandardGP,bioav,0,19,38.48402786254883,0.058841705322265625,1217.0,35.553062438964844
StandardGP,bioav,0,20,38.48402786254883,0.03789877891540527,1226.0,35.553062438964844
StandardGP,bioav,0,21,38.48402786254883,0.03789925575256348,1204.0,35.553062438964844
StandardGP,bioav,0,22,38.48402786254883,0.03889656066894531,1242.0,35.553062438964844
StandardGP,bioav,0,23,38.48402786254883,0.03989267349243164,1320.0,35.553062438964844
StandardGP,bioav,0,24,38.48402786254883,0.042885780334472656,1416.0,35.553062438964844
StandardGP,bioav,0,25,38.48402786254883,0.040925025939941406,1373.0,35.553062438964844
StandardGP,bioav,0,26,38.48402786254883,0.04188704490661621,1379.0,35.553062438964844
StandardGP,bioav,0,27,38.48402786254883,0.03989362716674805,1309.0,35.553062438964844
StandardGP,bioav,0,28,38.48402786254883,0.039893388748168945,1289.0,35.553062438964844
StandardGP,bioav,0,29,38.48402786254883,0.03989362716674805,1357.0,35.553062438964844
StandardGP,bioav,0,30,38.48402786254883,0.040891170501708984,1315.0,35.553062438964844
StandardGP,bioav,0,31,38.48402786254883,0.04089641571044922,1403.0,35.553062438964844
StandardGP,bioav,0,32,38.48402786254883,0.042882680892944336,1393.0,35.553062438964844
StandardGP,bioav,0,33,38.48402786254883,0.04188799858093262,1352.0,35.553062438964844
StandardGP,bioav,0,34,37.73974609375,0.039893388748168945,1366.0,37.74542236328125
StandardGP,bioav,0,35,37.73974609375,0.0388951301574707,1395.0,37.74542236328125
StandardGP,bioav,0,36,37.73974609375,0.03789854049682617,1319.0,37.74542236328125
StandardGP,bioav,0,37,37.73974609375,0.03789949417114258,1292.0,37.74542236328125
StandardGP,bioav,0,38,37.73974609375,0.03690171241760254,1200.0,37.74542236328125
StandardGP,bioav,0,39,37.73974609375,0.03690218925476074,1245.0,37.74542236328125
StandardGP,bioav,0,40,37.73974609375,0.036901235580444336,1315.0,37.74542236328125
StandardGP,bioav,0,41,37.73974609375,0.03598618507385254,1299.0,37.74542236328125
StandardGP,bioav,0,42,37.73974609375,0.04089069366455078,1321.0,37.74542236328125
StandardGP,bioav,0,43,37.73974609375,0.037895917892456055,1315.0,37.74542236328125
StandardGP,bioav,0,44,37.73974609375,0.03789877891540527,1294.0,37.74542236328125
StandardGP,bioav,0,45,37.73974609375,0.035906076431274414,1253.0,37.74542236328125
StandardGP,bioav,0,46,37.73974609375,0.03789877891540527,1279.0,37.74542236328125
StandardGP,bioav,0,47,37.73974609375,0.03789854049682617,1306.0,37.74542236328125
StandardGP,bioav,0,48,37.63955307006836,0.03889632225036621,1382.0,37.655826568603516
StandardGP,bioav,0,49,37.63955307006836,0.039894819259643555,1367.0,37.655826568603516
StandardGP,bioav,0,50,37.63955307006836,0.04089093208312988,1394.0,37.655826568603516
StandardGP,bioav,0,51,37.63955307006836,0.04088854789733887,1422.0,37.655826568603516
StandardGP,bioav,0,0,53.386627197265625,0.1168212890625,1499.0,55.930503845214844
StandardGP,bioav,0,1,53.386627197265625,0.052858591079711914,1049.0,55.930503845214844
StandardGP,bioav,0,2,53.386627197265625,0.03789877891540527,1073.0,55.930503845214844
StandardGP,bioav,0,3,46.713653564453125,0.04506039619445801,1188.0,48.22517395019531
StandardGP,bioav,0,4,46.31746292114258,0.04390907287597656,1445.0,47.68180465698242
StandardGP,bioav,0,5,45.78874206542969,0.046875,1670.0,46.98612976074219
StandardGP,bioav,0,6,45.292537689208984,0.04302668571472168,1526.0,46.41214370727539
StandardGP,bioav,0,7,45.27568054199219,0.04388308525085449,1521.0,46.42916488647461
StandardGP,bioav,0,8,45.27568054199219,0.039895057678222656,1323.0,46.42916488647461
StandardGP,bioav,0,9,44.154415130615234,0.036902427673339844,1195.0,44.989933013916016
StandardGP,bioav,0,10,44.154415130615234,0.03789925575256348,1200.0,44.989933013916016
StandardGP,bioav,0,11,42.12828063964844,0.03789806365966797,1203.0,43.67536926269531
StandardGP,bioav,0,12,38.732513427734375,0.0359039306640625,1222.0,36.82756423950195
StandardGP,bioav,0,13,38.732513427734375,0.035903215408325195,1154.0,36.82756423950195
StandardGP,bioav,0,14,38.732513427734375,0.036901235580444336,1125.0,36.82756423950195
StandardGP,bioav,0,15,38.63685607910156,0.036900997161865234,1191.0,35.25839614868164
StandardGP,bioav,0,16,38.48402786254883,0.03789663314819336,1162.0,35.553062438964844
StandardGP,bioav,0,17,38.48402786254883,0.03989458084106445,1217.0,35.553062438964844
StandardGP,bioav,0,18,38.48402786254883,0.05983996391296387,1256.0,35.553062438964844
StandardGP,bioav,0,19,38.48402786254883,0.038896799087524414,1217.0,35.553062438964844
StandardGP,bioav,0,20,38.48402786254883,0.03789806365966797,1226.0,35.553062438964844
StandardGP,bioav,0,21,38.48402786254883,0.03789925575256348,1204.0,35.553062438964844
StandardGP,bioav,0,22,38.48402786254883,0.03789806365966797,1242.0,35.553062438964844
StandardGP,bioav,0,23,38.48402786254883,0.038897037506103516,1320.0,35.553062438964844
StandardGP,bioav,0,24,38.48402786254883,0.04188799858093262,1416.0,35.553062438964844
StandardGP,bioav,0,25,38.48402786254883,0.04089069366455078,1373.0,35.553062438964844
StandardGP,bioav,0,26,38.48402786254883,0.04089021682739258,1379.0,35.553062438964844
StandardGP,bioav,0,27,38.48402786254883,0.03989362716674805,1309.0,35.553062438964844
StandardGP,bioav,0,28,38.48402786254883,0.038895368576049805,1289.0,35.553062438964844
StandardGP,bioav,0,29,38.48402786254883,0.04089069366455078,1357.0,35.553062438964844
StandardGP,bioav,0,30,38.48402786254883,0.04117774963378906,1315.0,35.553062438964844
StandardGP,bioav,0,31,38.48402786254883,0.041887760162353516,1403.0,35.553062438964844
StandardGP,bioav,0,32,38.48402786254883,0.042883872985839844,1393.0,35.553062438964844
StandardGP,bioav,0,33,38.48402786254883,0.04088997840881348,1352.0,35.553062438964844
StandardGP,bioav,0,34,37.73974609375,0.039893150329589844,1366.0,37.74542236328125
StandardGP,bioav,0,35,37.73974609375,0.040888071060180664,1395.0,37.74542236328125
StandardGP,bioav,0,36,37.73974609375,0.03889608383178711,1319.0,37.74542236328125
StandardGP,bioav,0,37,37.73974609375,0.03906106948852539,1292.0,37.74542236328125
StandardGP,bioav,0,38,37.73974609375,0.036901235580444336,1200.0,37.74542236328125
StandardGP,bioav,0,39,37.73974609375,0.036901235580444336,1245.0,37.74542236328125
StandardGP,bioav,0,40,37.73974609375,0.03690075874328613,1315.0,37.74542236328125
StandardGP,bioav,0,41,37.73974609375,0.03789639472961426,1299.0,37.74542236328125
StandardGP,bioav,0,42,37.73974609375,0.0408930778503418,1321.0,37.74542236328125
StandardGP,bioav,0,43,37.73974609375,0.03789854049682617,1315.0,37.74542236328125
StandardGP,bioav,0,44,37.73974609375,0.03789877891540527,1294.0,37.74542236328125
StandardGP,bioav,0,45,37.73974609375,0.03789854049682617,1253.0,37.74542236328125
StandardGP,bioav,0,46,37.73974609375,0.03690457344055176,1279.0,37.74542236328125
StandardGP,bioav,0,47,37.73974609375,0.04089093208312988,1306.0,37.74542236328125
StandardGP,bioav,0,48,37.63955307006836,0.03989267349243164,1382.0,37.655826568603516
StandardGP,bioav,0,49,37.63955307006836,0.04188680648803711,1367.0,37.655826568603516
StandardGP,bioav,0,50,37.63955307006836,0.040891170501708984,1394.0,37.655826568603516
StandardGP,bioav,0,51,37.63955307006836,0.03989362716674805,1422.0,37.655826568603516
StandardGP,bioav,0,52,37.63955307006836,0.04189038276672363,1427.0,37.655826568603516
StandardGP,bioav,0,53,37.63955307006836,0.04188656806945801,1511.0,37.655826568603516
StandardGP,bioav,0,54,37.63955307006836,0.04587841033935547,1635.0,37.655826568603516
StandardGP,bioav,0,55,37.63955307006836,0.042887210845947266,1482.0,37.655826568603516
StandardGP,bioav,0,56,37.63955307006836,0.04088997840881348,1399.0,37.655826568603516
StandardGP,bioav,0,57,37.63955307006836,0.042885780334472656,1464.0,37.655826568603516
StandardGP,bioav,0,58,37.618770599365234,0.043885231018066406,1556.0,37.64530944824219
StandardGP,bioav,0,59,37.618770599365234,0.042884111404418945,1498.0,37.64530944824219
StandardGP,bioav,0,60,37.618770599365234,0.046874046325683594,1620.0,37.64530944824219
StandardGP,bioav,0,61,37.618770599365234,0.04886937141418457,1784.0,37.64530944824219
StandardGP,bioav,0,62,37.618770599365234,0.045918941497802734,1656.0,37.64530944824219
StandardGP,bioav,0,63,37.618770599365234,0.04886937141418457,1722.0,37.64530944824219
StandardGP,bioav,0,64,37.618770599365234,0.043879032135009766,1524.0,37.64530944824219
StandardGP,bioav,0,65,37.618770599365234,0.04687666893005371,1595.0,37.64530944824219
StandardGP,bioav,0,66,37.618770599365234,0.041887521743774414,1499.0,37.64530944824219
StandardGP,bioav,0,67,37.596763610839844,0.04188823699951172,1483.0,37.63666915893555
StandardGP,bioav,0,68,37.596763610839844,0.04288816452026367,1514.0,37.63666915893555
StandardGP,bioav,0,69,37.596763610839844,0.04288530349731445,1511.0,37.63666915893555
StandardGP,bioav,0,70,37.596763610839844,0.042886972427368164,1528.0,37.63666915893555
StandardGP,bioav,0,71,31.183090209960938,0.041887760162353516,1503.0,29.3240909576416
StandardGP,bioav,0,72,31.183090209960938,0.04388284683227539,1587.0,29.3240909576416
StandardGP,bioav,0,73,31.183090209960938,0.04288315773010254,1550.0,29.3240909576416
StandardGP,bioav,0,74,31.183090209960938,0.042704105377197266,1539.0,29.3240909576416
StandardGP,bioav,0,75,31.183090209960938,0.04587745666503906,1580.0,29.3240909576416
StandardGP,bioav,0,76,31.183090209960938,0.04089069366455078,1524.0,29.3240909576416
StandardGP,bioav,0,77,31.183090209960938,0.0438847541809082,1612.0,29.3240909576416
StandardGP,bioav,0,78,31.183090209960938,0.04488015174865723,1654.0,29.3240909576416
StandardGP,bioav,0,79,31.183090209960938,0.042882442474365234,1570.0,29.3240909576416
StandardGP,bioav,0,80,31.183090209960938,0.04388260841369629,1627.0,29.3240909576416
StandardGP,bioav,0,81,31.183090209960938,0.04388284683227539,1583.0,29.3240909576416
StandardGP,bioav,0,82,31.183090209960938,0.03989529609680176,1502.0,29.3240909576416
StandardGP,bioav,0,83,31.183090209960938,0.04388284683227539,1644.0,29.3240909576416
StandardGP,bioav,0,84,31.183090209960938,0.039893150329589844,1519.0,29.3240909576416
StandardGP,bioav,0,85,31.183090209960938,0.03989362716674805,1473.0,29.3240909576416
StandardGP,bioav,0,86,31.183090209960938,0.04089069366455078,1454.0,29.3240909576416
StandardGP,bioav,0,87,31.183090209960938,0.04188823699951172,1474.0,29.3240909576416
StandardGP,bioav,0,88,31.183090209960938,0.04089021682739258,1503.0,29.3240909576416
StandardGP,bioav,0,89,31.183090209960938,0.0418851375579834,1567.0,29.3240909576416
StandardGP,bioav,0,90,31.183090209960938,0.0408930778503418,1464.0,29.3240909576416
StandardGP,bioav,0,91,31.183090209960938,0.04089021682739258,1466.0,29.3240909576416
StandardGP,bioav,0,92,31.183090209960938,0.0408935546875,1448.0,29.3240909576416
StandardGP,bioav,0,93,31.183090209960938,0.04288506507873535,1526.0,29.3240909576416
StandardGP,bioav,0,94,31.183090209960938,0.03989243507385254,1414.0,29.3240909576416
StandardGP,bioav,0,95,31.183090209960938,0.03889608383178711,1384.0,29.3240909576416
StandardGP,bioav,0,96,31.183090209960938,0.042885541915893555,1438.0,29.3240909576416
StandardGP,bioav,0,97,31.183090209960938,0.039893150329589844,1346.0,29.3240909576416
StandardGP,bioav,0,98,31.183090209960938,0.039893150329589844,1422.0,29.3240909576416
StandardGP,bioav,0,99,30.986591339111328,0.041887521743774414,1529.0,28.45937156677246
