SLIM+OT_oms_pat5_fn-full_extended_const-small_ints_omt,8265d918-8043-11f1-911c-2c7ba0e6fa90,synthetic_prior,0,0,1.0089174509048462,20.28183627128601,889.0,1.0061218738555908,31.252166748046875,-0.02006816864013672,1.007790446281433,2039.5506591796875,-0.020000457763671875,1.008576512336731,164.0224609375,-0.019968509674072266,1.0089842081069946,0.021311694756150246,-0.019952058792114258,1.0084069967269897,9.935168266296387,-0.01997542381286621,1.009427547454834,16.863237380981445,-0.01993417739868164,1,2,-0.019954442977905273
SLIM+OT_oms_pat5_fn-full_extended_const-small_ints_omt,8265d918-8043-11f1-911c-2c7ba0e6fa90,synthetic_prior,0,1,0.9986526966094971,22.591748237609863,7744.0,1.0010254383087158,31.09385871887207,-0.009760022163391113,0.9971274137496948,2017.97119140625,0.001469731330871582,0.9986098408699036,162.40158081054688,9.042024612426758e-05,0.9864628314971924,0.02083599753677845,0.025072097778320312,1.0174592733383179,10.024354934692383,-0.03837001323699951,1.0136953592300415,16.934532165527344,-0.02857673168182373,2,31,0.0006941556930541992
SLIM+OT_oms_pat5_fn-full_extended_const-small_ints_omt,8265d918-8043-11f1-911c-2c7ba0e6fa90,synthetic_prior,0,2,0.9986526966094971,17.741586446762085,11059.0,1.0010254383087158,31.09385871887207,-0.009760022163391113,0.9971274137496948,2017.97119140625,0.001469731330871582,0.9986098408699036,162.40158081054688,9.042024612426758e-05,0.9864628314971924,0.02083599753677845,0.025072097778320312,1.0174592733383179,10.024354934692383,-0.03837001323699951,1.0136953592300415,16.934532165527344,-0.02857673168182373,2,31,0.0006941556930541992
SLIM+OT_oms_pat5_fn-full_extended_const-small_ints_omt,8265d918-8043-11f1-911c-2c7ba0e6fa90,synthetic_prior,0,3,0.998643159866333,16.63196635246277,15682.0,0.9998925924301147,31.058671951293945,-0.007475852966308594,0.9974474310874939,2018.6187744140625,0.0008287429809570312,0.9983727931976318,162.36302185058594,0.0005651116371154785,0.985966145992279,0.02082550898194313,0.026053547859191895,1.0175480842590332,10.025230407714844,-0.03855133056640625,1.014017105102539,16.93990707397461,-0.02922987937927246,3,99,0.0007132887840270996
SLIM+OT_oms_pat5_fn-full_extended_const-small_ints_omt,8265d918-8043-11f1-911c-2c7ba0e6fa90,synthetic_prior,0,4,0.9985871315002441,16.810511589050293,15570.0,1.0010267496109009,31.09389877319336,-0.00976252555847168,0.9971672296524048,2018.051513671875,0.0013900995254516602,0.9985694289207458,162.39500427246094,0.00017142295837402344,0.9855623841285706,0.020816979929804802,0.026850998401641846,1.0176297426223755,10.02603530883789,-0.03871798515319824,1.0117995738983154,16.902862548828125,-0.02473318576812744,3,100,0.0008254051208496094
SLIM+OT_oms_pat5_fn-full_extended_const-small_ints_omt,8265d918-8043-11f1-911c-2c7ba0e6fa90,synthetic_prior,0,5,0.9984506368637085,21.90917658805847,20083.0,1.0033518075942993,31.166120529174805,-0.014458775520324707,0.996038556098938,2015.7674560546875,0.0036493539810180664,0.9976500272750854,162.2454833984375,0.002011716365814209,0.9771949052810669,0.020640242844820023,0.04330509901046753,1.0213799476623535,10.062983512878418,-0.04638803005218506,1.0119611024856567,16.905561447143555,-0.025060534477233887,4,180,0.0010985136032104492
SLIM+OT_oms_pat5_fn-full_extended_const-small_ints_omt,8265d918-8043-11f1-911c-2c7ba0e6fa90,synthetic_prior,0,6,0.9984506368637085,18.215062141418457,26564.0,1.0033518075942993,31.166120529174805,-0.014458775520324707,0.996038556098938,2015.7674560546875,0.0036493539810180664,0.9976500272750854,162.2454833984375,0.002011716365814209,0.9771949052810669,0.020640242844820023,0.04330509901046753,1.0213799476623535,10.062983512878418,-0.04638803005218506,1.0119611024856567,16.905561447143555,-0.025060534477233887,4,180,0.0010985136032104492
SLIM+OT_oms_pat5_fn-full_extended_const-small_ints_omt,8265d918-8043-11f1-911c-2c7ba0e6fa90,synthetic_prior,0,7,0.9984506368637085,22.768399715423584,32510.0,1.0033518075942993,31.166120529174805,-0.014458775520324707,0.996038556098938,2015.7674560546875,0.0036493539810180664,0.9976500272750854,162.2454833984375,0.002011716365814209,0.9771949052810669,0.020640242844820023,0.04330509901046753,1.0213799476623535,10.062983512878418,-0.04638803005218506,1.0119611024856567,16.905561447143555,-0.025060534477233887,4,180,0.0010985136032104492
SLIM+OT_oms_pat5_fn-full_extended_const-small_ints_omt,8265d918-8043-11f1-911c-2c7ba0e6fa90,synthetic_prior,0,8,0.9984506368637085,22.6536545753479,42156.0,1.0033518075942993,31.166120529174805,-0.014458775520324707,0.996038556098938,2015.7674560546875,0.0036493539810180664,0.9976500272750854,162.2454833984375,0.002011716365814209,0.9771949052810669,0.020640242844820023,0.04330509901046753,1.0213799476623535,10.062983512878418,-0.04638803005218506,1.0119611024856567,16.905561447143555,-0.025060534477233887,4,180,0.0010985136032104492
SLIM+OT_oms_pat5_fn-full_extended_const-small_ints_omt,8265d918-8043-11f1-911c-2c7ba0e6fa90,synthetic_prior,0,9,0.9981240630149841,23.203058004379272,45588.0,1.0034689903259277,31.169761657714844,-0.01469576358795166,0.9974914789199829,2018.707763671875,0.0007405281066894531,0.9987656474113464,162.4269256591797,-0.00022161006927490234,0.9938944578170776,0.02099296823143959,0.010327279567718506,1.0242130756378174,10.090896606445312,-0.052201151847839355,1.0150864124298096,16.957773208618164,-0.031401872634887695,6,317,0.0017518997192382812
SLIM+OT_oms_pat5_fn-full_extended_const-small_ints_omt,8265d918-8043-11f1-911c-2c7ba0e6fa90,synthetic_prior,0,10,0.9980407357215881,18.191689014434814,50894.0,1.003017544746399,31.155738830566406,-0.013782978057861328,0.997698962688446,2019.127685546875,0.0003247857093811035,0.9990884065628052,162.4794158935547,-0.0008682012557983398,0.9933926463127136,0.020982369780540466,0.011326432228088379,1.024231195449829,10.091073989868164,-0.0522381067276001,1.0162214040756226,16.97673225402832,-0.03370940685272217,7,397,0.0019185543060302734
SLIM+OT_oms_pat5_fn-full_extended_const-small_ints_omt,8265d918-8043-11f1-911c-2c7ba0e6fa90,synthetic_prior,0,11,0.998018205165863,22.254735231399536,58666.0,1.0030995607376099,31.158288955688477,-0.013948917388916016,0.9977946281433105,2019.3214111328125,0.00013297796249389648,0.9992673993110657,162.50852966308594,-0.0012267827987670898,0.996462345123291,0.021047208458185196,0.005206704139709473,1.0249258279800415,10.097917556762695,-0.053665757179260254,1.016607642173767,16.983184814453125,-0.03449535369873047,8,510,0.0019635558128356934
SLIM+OT_oms_pat5_fn-full_extended_const-small_ints_omt,3e4c324b-8050-11f1-8202-2c7ba0e6fa90,synthetic_prior,0,0,1.0089174509048462,0.2027435302734375,889.0,1.0061218738555908,31.252166748046875,-0.02006816864013672,1.007790446281433,2039.5506591796875,-0.020000457763671875,1.008576512336731,164.0224609375,-0.019968509674072266,1.0089842081069946,0.021311694756150246,-0.019952058792114258,1.0084069967269897,9.935168266296387,-0.01997542381286621,1.009427547454834,16.863237380981445,-0.01993417739868164,1,2,-0.019954442977905273
SLIM+OT_oms_pat5_fn-full_extended_const-small_ints_omt,3e4c324b-8050-11f1-8202-2c7ba0e6fa90,synthetic_prior,0,1,0.9986417293548584,9.317352056503296,7759.0,0.9972444176673889,30.976415634155273,-0.002146482467651367,0.9969109892845154,2017.5330810546875,0.001903235912322998,0.9971471428871155,162.1636962890625,0.0030175447463989258,0.9802138805389404,0.020704008638858795,0.03738468885421753,1.0031583309173584,9.883458137512207,-0.009385466575622559,1.010105013847351,16.874553680419922,-0.021303534507751465,2,104,0.0007162094116210938
SLIM+OT_oms_pat5_fn-full_extended_const-small_ints_omt,3e4c324b-8050-11f1-8202-2c7ba0e6fa90,synthetic_prior,0,2,0.9986417293548584,8.451151847839355,11113.0,0.9972444176673889,30.976415634155273,-0.002146482467651367,0.9969109892845154,2017.5330810546875,0.001903235912322998,0.9971471428871155,162.1636962890625,0.0030175447463989258,0.9802138805389404,0.020704008638858795,0.03738468885421753,1.0031583309173584,9.883458137512207,-0.009385466575622559,1.010105013847351,16.874553680419922,-0.021303534507751465,2,104,0.0007162094116210938
SLIM+OT_oms_pat5_fn-full_extended_const-small_ints_omt,3e4c324b-8050-11f1-8202-2c7ba0e6fa90,synthetic_prior,0,3,0.9985939860343933,8.256368637084961,16229.0,0.994564950466156,30.8931827545166,0.0032317042350769043,1.0005924701690674,2024.9835205078125,-0.005482077598571777,1.0003774166107178,162.6890411376953,-0.0034525394439697266,1.0026320219039917,0.02117752470076084,-0.00715029239654541,1.0217748880386353,10.066875457763672,-0.04719734191894531,1.002201795578003,16.742525100708008,-0.005384564399719238,3,170,0.0008116364479064941
SLIM+OT_oms_pat5_fn-full_extended_const-small_ints_omt,3e4c324b-8050-11f1-8202-2c7ba0e6fa90,synthetic_prior,0,4,0.9985250234603882,7.1274261474609375,18789.0,0.9963679313659668,30.949188232421875,-0.00038552284240722656,0.9959411025047302,2015.5701904296875,0.0038443803787231445,0.996462345123291,162.05235290527344,0.0043863654136657715,0.9800525307655334,0.020700599998235703,0.03770160675048828,1.0031542778015137,9.883418083190918,-0.009377360343933105,1.010380744934082,16.879159927368164,-0.02186143398284912,3,169,0.0009496212005615234
SLIM+OT_oms_pat5_fn-full_extended_const-small_ints_omt,3e4c324b-8050-11f1-8202-2c7ba0e6fa90,synthetic_prior,0,5,0.998177170753479,7.995546579360962,24457.0,0.993992269039154,30.875394821166992,0.0043792724609375,1.000868558883667,2025.542236328125,-0.006036996841430664,0.9976405501365662,162.2439422607422,0.002030611038208008,0.9680377244949341,0.02044682577252388,0.061151206493377686,1.017679214477539,10.026522636413574,-0.038818955421447754,1.0152287483215332,16.96014976501465,-0.03169095516204834,3,148,0.0016456842422485352
SLIM+OT_oms_pat5_fn-full_extended_const-small_ints_omt,3e4c324b-8050-11f1-8202-2c7ba0e6fa90,synthetic_prior,0,6,0.9981449246406555,7.8764612674713135,32722.0,0.9935901761054993,30.862905502319336,0.005184590816497803,0.9997132420539856,2023.2042236328125,-0.0037158727645874023,0.9998864531517029,162.60919189453125,-0.0024677515029907227,0.9956051111221313,0.021029101684689522,0.00691753625869751,1.008697271347046,9.938029289245605,-0.02056288719177246,0.9877986311912537,16.501909255981445,0.02330571413040161,6,459,0.0017101764678955078
SLIM+OT_oms_pat5_fn-full_extended_const-small_ints_omt,3e4c324b-8050-11f1-8202-2c7ba0e6fa90,synthetic_prior,0,7,0.9981449246406555,8.69387149810791,38815.0,0.9935901761054993,30.862905502319336,0.005184590816497803,0.9997132420539856,2023.2042236328125,-0.0037158727645874023,0.9998864531517029,162.60919189453125,-0.0024677515029907227,0.9956051111221313,0.021029101684689522,0.00691753625869751,1.008697271347046,9.938029289245605,-0.02056288719177246,0.9877986311912537,16.501909255981445,0.02330571413040161,6,459,0.0017101764678955078
SLIM+OT_oms_pat5_fn-full_extended_const-small_ints_omt,3e4c324b-8050-11f1-8202-2c7ba0e6fa90,synthetic_prior,0,8,0.9981206655502319,9.449340343475342,50172.0,0.9940372705459595,30.876794815063477,0.004289031028747559,0.9999509453773499,2023.685302734375,-0.004193305969238281,0.999771773815155,162.59054565429688,-0.002237677574157715,0.9953707456588745,0.021024152636528015,0.0073850154876708984,1.0079600811004639,9.930766105651855,-0.01907169818878174,0.9877572059631348,16.501216888427734,0.023387610912322998,6,454,0.0017586350440979004
SLIM+OT_oms_pat5_fn-full_extended_const-small_ints_omt,3e4c324b-8050-11f1-8202-2c7ba0e6fa90,synthetic_prior,0,9,0.9980639815330505,8.126009225845337,59472.0,0.9939608573913574,30.874418258666992,0.0044422149658203125,0.9998663067817688,2023.5140380859375,-0.004023194313049316,0.997663140296936,162.24761962890625,0.0019854307174682617,0.9683223962783813,0.02045283652842045,0.06059902906417847,1.0059412717819214,9.910877227783203,-0.014993786811828613,1.0117356777191162,16.90179443359375,-0.024603843688964844,4,284,0.0018720030784606934
SLIM+OT_oms_pat5_fn-full_extended_const-small_ints_omt,3e4c324b-8050-11f1-8202-2c7ba0e6fa90,synthetic_prior,0,10,0.9979219436645508,8.137049436569214,68897.0,0.99556565284729,30.92426872253418,0.001224815845489502,1.0012849569320679,2026.3848876953125,-0.006874203681945801,1.0006513595581055,162.73358154296875,-0.004001975059509277,0.9974079728126526,0.02106718346476555,0.003317713737487793,1.0146815776824951,9.996989250183105,-0.03270828723907471,0.9920828342437744,16.5734806060791,0.014815211296081543,6,435,0.0021561384201049805
SLIM+OT_oms_pat5_fn-full_extended_const-small_ints_omt,3e4c324b-8050-11f1-8202-2c7ba0e6fa90,synthetic_prior,0,11,0.9978742003440857,8.68936038017273,74090.0,0.995044469833374,30.908079147338867,0.0022702813148498535,1.0013641119003296,2026.545166015625,-0.0070334672927856445,1.00144362449646,162.8624267578125,-0.005592465400695801,1.022476315498352,0.021596672013401985,-0.04741203784942627,1.0155915021896362,10.005953788757324,-0.03456127643585205,0.9922417998313904,16.576135635375977,0.014499425888061523,8,640,0.0022516250610351562
SLIM+OT_oms_pat5_fn-full_extended_const-small_ints_omt,3e4c324b-8050-11f1-8202-2c7ba0e6fa90,synthetic_prior,0,12,0.9977805614471436,9.474906206130981,86267.0,0.9925321340560913,30.830041885375977,0.0073021650314331055,1.0006428956985474,2025.0855712890625,-0.005583286285400391,1.0002487897872925,162.66810607910156,-0.003194451332092285,0.9950387477874756,0.02101713977754116,0.008047163486480713,1.0289788246154785,10.137849807739258,-0.062015652656555176,0.9905657768249512,16.548137664794922,0.0178259015083313,9,682,0.002438843250274658
SLIM+OT_oms_pat5_fn-full_extended_const-small_ints_omt,3e4c324b-8050-11f1-8202-2c7ba0e6fa90,synthetic_prior,0,13,0.997726559638977,7.72014594078064,97797.0,0.9952854514122009,30.915565490722656,0.001786947250366211,1.0010638236999512,2025.9373779296875,-0.0064296722412109375,1.0008015632629395,162.75799560546875,-0.004303455352783203,1.012463927268982,0.02138519287109375,-0.026999473571777344,1.01707124710083,10.02053165435791,-0.03757798671722412,0.9955679774284363,16.631702423095703,0.00788116455078125,10,792,0.002546846866607666
SLIM+OT_oms_pat5_fn-full_extended_const-small_ints_omt,3e4c324b-8050-11f1-8202-2c7ba0e6fa90,synthetic_prior,0,14,0.997718334197998,9.04704475402832,104749.0,0.99152010679245,30.798606872558594,0.00932544469833374,0.999518632888794,2022.8104248046875,-0.0033249855041503906,1.0005840063095093,162.72264099121094,-0.003866910934448242,0.9928690195083618,0.020971311256289482,0.012368321418762207,1.0202414989471436,10.051766395568848,-0.04405641555786133,0.9943954944610596,16.61211395263672,0.010216712951660156,11,800,0.0025632381439208984
SLIM+OT_oms_pat5_fn-full_extended_const-small_ints_omt,3e4c324b-8050-11f1-8202-2c7ba0e6fa90,synthetic_prior,0,15,0.9976944327354431,8.286701679229736,117179.0,0.9956524968147278,30.92696762084961,0.0010505318641662598,1.0011500120162964,2026.1119384765625,-0.0066030025482177734,1.0008000135421753,162.75775146484375,-0.004300475120544434,1.012441635131836,0.021384721621870995,-0.026954174041748047,1.016440987586975,10.014323234558105,-0.03629255294799805,0.9955057501792908,16.63066291809082,0.008005261421203613,11,872,0.0026109814643859863
SLIM+OT_oms_pat5_fn-full_extended_const-small_ints_omt,3e4c324b-8050-11f1-8202-2c7ba0e6fa90,synthetic_prior,0,16,0.9975990056991577,7.9305994510650635,132286.0,0.9931361675262451,30.848806381225586,0.006093442440032959,1.0000784397125244,2023.9432373046875,-0.004449248313903809,1.0014973878860474,162.8711700439453,-0.005700469017028809,0.998741626739502,0.02109535224735737,0.0006506443023681641,1.0332623720169067,10.180052757263184,-0.0708763599395752,1.0033677816390991,16.76200294494629,-0.007725238800048828,11,880,0.002801835536956787
SLIM+OT_oms_pat5_fn-full_extended_const-small_ints_omt,3e4c324b-8050-11f1-8202-2c7ba0e6fa90,synthetic_prior,0,17,0.9975334405899048,7.93411922454834,145899.0,0.9943837523460388,30.887556076049805,0.0035947561264038086,1.0015989542007446,2027.0205078125,-0.007506012916564941,0.9997678399085999,162.5898895263672,-0.0022298097610473633,0.9805523753166199,0.020711159333586693,0.03671979904174805,1.021464467048645,10.06381607055664,-0.04656112194061279,0.9956657290458679,16.63333511352539,0.0076863765716552734,12,840,0.0029328465461730957
SLIM+OT_oms_pat5_fn-full_extended_const-small_ints_omt,3e4c324b-8050-11f1-8202-2c7ba0e6fa90,synthetic_prior,0,18,0.9973966479301453,8.267457008361816,156371.0,0.9964901208877563,30.952983856201172,-0.0006308555603027344,1.0011234283447266,2026.0582275390625,-0.0065495967864990234,1.0007282495498657,162.74609375,-0.00415647029876709,1.0211514234542847,0.02156868763267994,-0.04469943046569824,1.0532690286636353,10.377164840698242,-0.1127476692199707,1.000419020652771,16.71274185180664,-0.0018107891082763672,10,849,0.0032063722610473633
SLIM+OT_oms_pat5_fn-full_extended_const-small_ints_omt,3e4c324b-8050-11f1-8202-2c7ba0e6fa90,synthetic_prior,0,19,0.9973966479301453,7.928542137145996,169458.0,0.9964901208877563,30.952983856201172,-0.0006308555603027344,1.0011234283447266,2026.0582275390625,-0.0065495967864990234,1.0007282495498657,162.74609375,-0.00415647029876709,1.0211514234542847,0.02156868763267994,-0.04469943046569824,1.0532690286636353,10.377164840698242,-0.1127476692199707,1.000419020652771,16.71274185180664,-0.0018107891082763672,10,849,0.0032063722610473633
SLIM+OT_oms_pat5_fn-full_extended_const-small_ints_omt,3e4c324b-8050-11f1-8202-2c7ba0e6fa90,synthetic_prior,0,20,0.9973966479301453,8.347351312637329,181201.0,0.9964901208877563,30.952983856201172,-0.0006308555603027344,1.0011234283447266,2026.0582275390625,-0.0065495967864990234,1.0007282495498657,162.74609375,-0.00415647029876709,1.0211514234542847,0.02156868763267994,-0.04469943046569824,1.0532690286636353,10.377164840698242,-0.1127476692199707,1.000419020652771,16.71274185180664,-0.0018107891082763672,10,849,0.0032063722610473633
SLIM+OT_oms_pat5_fn-full_extended_const-small_ints_omt,3e4c324b-8050-11f1-8202-2c7ba0e6fa90,synthetic_prior,0,21,0.9973482489585876,7.06537127494812,188556.0,0.9949427247047424,30.904918670654297,0.0024742484092712402,1.0010604858398438,2025.9307861328125,-0.006422996520996094,1.0005295276641846,162.71377563476562,-0.003757476806640625,0.9895311594009399,0.02090080827474594,0.018997788429260254,1.0216506719589233,10.065650939941406,-0.046942830085754395,0.9934023022651672,16.595521926879883,0.012192785739898682,12,891,0.003303050994873047
SLIM+OT_oms_pat5_fn-full_extended_const-small_ints_omt,3e4c324b-8050-11f1-8202-2c7ba0e6fa90,synthetic_prior,0,22,0.9972662329673767,7.157461404800415,194599.0,0.9944000840187073,30.888063430786133,0.0035620927810668945,1.0008972883224487,2025.6004638671875,-0.006094813346862793,1.002101182937622,162.96937561035156,-0.006913542747497559,1.0182912349700928,0.02150827646255493,-0.03885543346405029,1.060353398323059,10.4469633102417,-0.12776684761047363,1.0068583488464355,16.820314407348633,-0.014748811721801758,13,1062,0.0034670233726501465
SLIM+OT_oms_pat5_fn-full_extended_const-small_ints_omt,3e4c324b-8050-11f1-8202-2c7ba0e6fa90,synthetic_prior,0,23,0.9972662329673767,7.868865728378296,205474.0,0.9944000840187073,30.888063430786133,0.0035620927810668945,1.0008972883224487,2025.6004638671875,-0.006094813346862793,1.002101182937622,162.96937561035156,-0.006913542747497559,1.0182912349700928,0.02150827646255493,-0.03885543346405029,1.060353398323059,10.4469633102417,-0.12776684761047363,1.0068583488464355,16.820314407348633,-0.014748811721801758,13,1062,0.0034670233726501465
SLIM+OT_oms_pat5_fn-full_extended_const-small_ints_omt,3e4c324b-8050-11f1-8202-2c7ba0e6fa90,synthetic_prior,0,24,0.9971408843994141,9.104593515396118,219530.0,0.9940412044525146,30.87691879272461,0.004281163215637207,1.0009251832962036,2025.6568603515625,-0.006150960922241211,1.001771330833435,162.9157257080078,-0.006250858306884766,1.0208773612976074,0.02156290039420128,-0.04413878917694092,1.0673474073410034,10.515870094299316,-0.1426931619644165,1.0054885149002075,16.79743194580078,-0.011989712715148926,14,1170,0.003717482089996338
SLIM+OT_oms_pat5_fn-full_extended_const-small_ints_omt,3e4c324b-8050-11f1-8202-2c7ba0e6fa90,synthetic_prior,0,25,0.9971408843994141,6.796322822570801,221993.0,0.9940412044525146,30.87691879272461,0.004281163215637207,1.0009251832962036,2025.6568603515625,-0.006150960922241211,1.001771330833435,162.9157257080078,-0.006250858306884766,1.0208773612976074,0.02156290039420128,-0.04413878917694092,1.0673474073410034,10.515870094299316,-0.1426931619644165,1.0054885149002075,16.79743194580078,-0.011989712715148926,14,1170,0.003717482089996338
SLIM+OT_oms_pat5_fn-full_extended_const-small_ints_omt,3e4c324b-8050-11f1-8202-2c7ba0e6fa90,synthetic_prior,0,26,0.9971176385879517,7.93724250793457,227862.0,0.9928725361824036,30.840614318847656,0.006621003150939941,1.000454306602478,2024.7039794921875,-0.005204439163208008,1.003329873085022,163.16920471191406,-0.009384393692016602,1.0214564800262451,0.02157513052225113,-0.04532361030578613,1.0575557947158813,10.419400215148926,-0.12182378768920898,1.0090844631195068,16.857505798339844,-0.0192410945892334,16,1280,0.0037639737129211426
SLIM+OT_oms_pat5_fn-full_extended_const-small_ints_omt,3e4c324b-8050-11f1-8202-2c7ba0e6fa90,synthetic_prior,0,27,0.9968587756156921,8.34945559501648,236824.0,0.994621992111206,30.894956588745117,0.0031172633171081543,1.0019127130508423,2027.655517578125,-0.008137226104736328,1.0033519268035889,163.1727752685547,-0.009428620338439941,1.0255379676818848,0.021661339327692986,-0.05369389057159424,1.0379245281219482,10.22598648071289,-0.08056199550628662,0.9932801723480225,16.593482971191406,0.012435734272003174,20,1570,0.004281163215637207
SLIM+OT_oms_pat5_fn-full_extended_const-small_ints_omt,3e4c324b-8050-11f1-8202-2c7ba0e6fa90,synthetic_prior,0,28,0.9966999292373657,8.459591388702393,246701.0,0.9908426403999329,30.77756118774414,0.01067882776260376,1.0023119449615479,2028.46337890625,-0.008940815925598145,1.0046602487564087,163.3855438232422,-0.012062788009643555,1.008008599281311,0.021291088312864304,-0.01798069477081299,1.0742868185043335,10.58423900604248,-0.1576000452041626,1.020512342453003,17.048416137695312,-0.0424574613571167,18,1401,0.004598438739776611
SLIM+OT_oms_pat5_fn-full_extended_const-small_ints_omt,3e4c324b-8050-11f1-8202-2c7ba0e6fa90,synthetic_prior,0,29,0.9966960549354553,8.101218938827515,263971.0,0.9910011887550354,30.782485961914062,0.01036214828491211,1.0022304058074951,2028.29833984375,-0.008776545524597168,1.004586935043335,163.3736114501953,-0.011914968490600586,1.0078455209732056,0.021287644281983376,-0.01765131950378418,1.0732972621917725,10.57448959350586,-0.15546846389770508,1.0202254056930542,17.043621063232422,-0.04187142848968506,17,1289,0.004606187343597412
SLIM+OT_oms_pat5_fn-full_extended_const-small_ints_omt,3e4c324b-8050-11f1-8202-2c7ba0e6fa90,synthetic_prior,0,30,0.9966781139373779,7.836332559585571,276499.0,0.9912124276161194,30.78904914855957,0.009940266609191895,1.0022693872451782,2028.3773193359375,-0.008855223655700684,1.004655361175537,163.38475036621094,-0.01205301284790039,1.0150865316390991,0.02144058607518673,-0.032326698303222656,1.0696719884872437,10.538772583007812,-0.14767587184906006,1.0199012756347656,17.0382080078125,-0.04120945930480957,19,1463,0.004642009735107422
SLIM+OT_oms_pat5_fn-full_extended_const-small_ints_omt,3e4c324b-8050-11f1-8202-2c7ba0e6fa90,synthetic_prior,0,31,0.9963475465774536,9.66999888420105,291384.0,0.9958413243293762,30.932830810546875,0.0006716251373291016,1.0036894083023071,2031.2510986328125,-0.011715888977050781,1.0039176940917969,163.26478576660156,-0.010567426681518555,1.0414003133773804,0.021996384486556053,-0.08654177188873291,1.0439403057098389,10.285255432128906,-0.0931239128112793,0.9863671660423279,16.477996826171875,0.02613431215286255,22,1733,0.005302250385284424
SLIM+OT_oms_pat5_fn-full_extended_const-small_ints_omt,3e4c324b-8050-11f1-8202-2c7ba0e6fa90,synthetic_prior,0,32,0.9963474273681641,7.492421388626099,292651.0,0.9958413243293762,30.932830810546875,0.0006716251373291016,1.0036894083023071,2031.2510986328125,-0.011715888977050781,1.0039176940917969,163.26478576660156,-0.010567426681518555,1.0414001941680908,0.021996380761265755,-0.08654153347015381,1.0439403057098389,10.285255432128906,-0.0931239128112793,0.9863671660423279,16.477996826171875,0.02613431215286255,23,1755,0.005302488803863525
SLIM+OT_oms_pat5_fn-full_extended_const-small_ints_omt,3e4c324b-8050-11f1-8202-2c7ba0e6fa90,synthetic_prior,0,33,0.9962897300720215,8.147798299789429,304744.0,0.9950867295265198,30.909391403198242,0.002185523509979248,1.0039759874343872,2031.8311767578125,-0.012293815612792969,1.0041253566741943,163.29855346679688,-0.010985493659973145,1.0402554273605347,0.021972203627228737,-0.08415424823760986,1.0455248355865479,10.300867080688477,-0.09644484519958496,0.9863942861557007,16.47844886779785,0.026080787181854248,23,1790,0.005417585372924805
SLIM+OT_oms_pat5_fn-full_extended_const-small_ints_omt,3e4c324b-8050-11f1-8202-2c7ba0e6fa90,synthetic_prior,0,34,0.9962751269340515,8.687469720840454,309828.0,0.9951813817024231,30.91233253479004,0.0019956231117248535,1.0023244619369507,2028.48876953125,-0.00896596908569336,1.004303216934204,163.32748413085938,-0.011343717575073242,1.0421501398086548,0.022012224420905113,-0.08810710906982422,1.04243004322052,10.270376205444336,-0.08996331691741943,0.9862715005874634,16.476398468017578,0.02632319927215576,23,1803,0.005446791648864746
SLIM+OT_oms_pat5_fn-full_extended_const-small_ints_omt,3e4c324b-8050-11f1-8202-2c7ba0e6fa90,synthetic_prior,0,35,0.9962159991264343,6.992352247238159,315925.0,0.9967882037162781,30.962242126464844,-0.0012297630310058594,1.003322958946228,2030.5093994140625,-0.01097726821899414,1.0032778978347778,163.16075134277344,-0.009279847145080566,1.0395400524139404,0.021957093849778175,-0.0826636552810669,1.045603632926941,10.301642417907715,-0.09661006927490234,0.9869911670684814,16.488420486450195,0.024901747703552246,24,1990,0.005564749240875244
SLIM+OT_oms_pat5_fn-full_extended_const-small_ints_omt,3e4c324b-8050-11f1-8202-2c7ba0e6fa90,synthetic_prior,0,36,0.9961954951286316,8.729002952575684,326596.0,0.9967155456542969,30.95998764038086,-0.0010837316513061523,0.9985035061836243,2020.755859375,-0.0012880563735961914,1.0040791034698486,163.291015625,-0.010892271995544434,1.0618245601654053,0.022427784278988838,-0.1295790672302246,1.0428279638290405,10.274296760559082,-0.09079563617706299,1.0095264911651611,16.86488914489746,-0.0201340913772583,25,2032,0.005605757236480713
SLIM+OT_oms_pat5_fn-full_extended_const-small_ints_omt,3e4c324b-8050-11f1-8202-2c7ba0e6fa90,synthetic_prior,0,37,0.9961421489715576,6.20658540725708,340126.0,0.9964046478271484,30.950328826904297,-0.00045931339263916016,1.0033544301986694,2030.5732421875,-0.011040687561035156,1.0034765005111694,163.19302368164062,-0.009679198265075684,1.0359827280044556,0.02188195288181305,-0.07526636123657227,1.0443564653396606,10.289355278015137,-0.09399557113647461,0.9864144325256348,16.47878646850586,0.026040971279144287,24,1893,0.005712270736694336
SLIM+OT_oms_pat5_fn-full_extended_const-small_ints_omt,3e4c324b-8050-11f1-8202-2c7ba0e6fa90,synthetic_prior,0,38,0.9957294464111328,8.093512773513794,351636.0,0.9961948990821838,30.943815231323242,-3.814697265625e-05,1.0051612854003906,2034.2296142578125,-0.014685273170471191,1.0043319463729858,163.3321533203125,-0.011401534080505371,1.058172345161438,0.02235064096748829,-0.12182199954986572,1.0618330240249634,10.461540222167969,-0.13091635704040527,0.9858914613723755,16.470048904418945,0.02707350254058838,23,1923,0.006535947322845459
SLIM+OT_oms_pat5_fn-full_extended_const-small_ints_omt,3e4c324b-8050-11f1-8202-2c7ba0e6fa90,synthetic_prior,0,39,0.9957169890403748,7.756685733795166,361861.0,0.9959926605224609,30.937532424926758,0.00036787986755371094,1.005377173423767,2034.666748046875,-0.015121221542358398,1.004191279411316,163.30929565429688,-0.011118292808532715,1.0579919815063477,0.02234683185815811,-0.12143933773040771,1.0634082555770874,10.47706127166748,-0.13427448272705078,0.9859192371368408,16.47051239013672,0.027018606662750244,24,2025,0.006560862064361572
SLIM+OT_oms_pat5_fn-full_extended_const-small_ints_omt,3e4c324b-8050-11f1-8202-2c7ba0e6fa90,synthetic_prior,0,40,0.995699942111969,8.109700918197632,375374.0,0.9959215521812439,30.935321807861328,0.0005105733871459961,1.0051023960113525,2034.1107177734375,-0.014566540718078613,1.0037566423416138,163.2386016845703,-0.01024317741394043,1.0575507879257202,0.02233751304447651,-0.12050414085388184,1.0638558864593506,10.481471061706543,-0.13522958755493164,0.9865241050720215,16.480615615844727,0.025824368000030518,25,2079,0.0065947771072387695
SLIM+OT_oms_pat5_fn-full_extended_const-small_ints_omt,3e4c324b-8050-11f1-8202-2c7ba0e6fa90,synthetic_prior,0,41,0.9956798553466797,8.833333253860474,388060.0,0.9959553480148315,30.936372756958008,0.00044274330139160156,1.0045371055603027,2032.966552734375,-0.013425588607788086,1.0033862590789795,163.1783447265625,-0.009497642517089844,1.0602781772613525,0.022395120933651924,-0.12629127502441406,1.0645982027053833,10.488784790039062,-0.13681423664093018,0.9867789149284363,16.484872817993164,0.025321125984191895,26,2140,0.006634891033172607
SLIM+OT_oms_pat5_fn-full_extended_const-small_ints_omt,3e4c324b-8050-11f1-8202-2c7ba0e6fa90,synthetic_prior,0,42,0.9956045746803284,9.593333721160889,402504.0,0.9967849254608154,30.962142944335938,-0.0012232065200805664,1.0057086944580078,2035.337646484375,-0.015790939331054688,1.004875659942627,163.4205780029297,-0.0124969482421875,1.0570913553237915,0.022327810525894165,-0.11953091621398926,1.0612859725952148,10.45615005493164,-0.1297513246536255,0.9884018301963806,16.511985778808594,0.02211242914199829,25,2110,0.006785094738006592
SLIM+OT_oms_pat5_fn-full_extended_const-small_ints_omt,3e4c324b-8050-11f1-8202-2c7ba0e6fa90,synthetic_prior,0,43,0.9955992102622986,7.77460241317749,408394.0,0.9966176152229309,30.95694351196289,-0.0008870363235473633,1.0059077739715576,2035.7406005859375,-0.016193032264709473,1.0050594806671143,163.45046997070312,-0.012867450714111328,1.0556788444519043,0.022297974675893784,-0.11654102802276611,1.0572879314422607,10.416760444641113,-0.12125551700592041,0.9872065782546997,16.49201774597168,0.02447611093521118,24,2021,0.006795823574066162
SLIM+OT_oms_pat5_fn-full_extended_const-small_ints_omt,3e4c324b-8050-11f1-8202-2c7ba0e6fa90,synthetic_prior,0,44,0.9955363869667053,6.956965923309326,409384.0,0.9970192909240723,30.969419479370117,-0.0016939640045166016,1.0053832530975342,2034.678955078125,-0.015133500099182129,1.0047292709350586,163.3967742919922,-0.012201905250549316,1.0636658668518066,0.02246667630970478,-0.1334998607635498,1.0614070892333984,10.457344055175781,-0.13000929355621338,0.9891456365585327,16.524410247802734,0.020640075206756592,27,2308,0.006921112537384033
SLIM+OT_oms_pat5_fn-full_extended_const-small_ints_omt,3e4c324b-8050-11f1-8202-2c7ba0e6fa90,synthetic_prior,0,45,0.9955363869667053,8.195744276046753,412631.0,0.9970192909240723,30.969419479370117,-0.0016939640045166016,1.0053832530975342,2034.678955078125,-0.015133500099182129,1.0047292709350586,163.3967742919922,-0.012201905250549316,1.0636658668518066,0.02246667630970478,-0.1334998607635498,1.0614070892333984,10.457344055175781,-0.13000929355621338,0.9891456365585327,16.524410247802734,0.020640075206756592,27,2308,0.006921112537384033
SLIM+OT_oms_pat5_fn-full_extended_const-small_ints_omt,3e4c324b-8050-11f1-8202-2c7ba0e6fa90,synthetic_prior,0,46,0.9954653382301331,9.006821155548096,423270.0,0.9945636987686157,30.893146514892578,0.0032341480255126953,1.004693627357483,2033.283447265625,-0.013741374015808105,1.00490140914917,163.4247589111328,-0.012548685073852539,1.0539283752441406,0.0222610030323267,-0.11284148693084717,1.0819642543792725,10.659879684448242,-0.17420470714569092,0.9938395023345947,16.602827072143555,0.011323153972625732,28,2337,0.0070629119873046875
SLIM+OT_oms_pat5_fn-full_extended_const-small_ints_omt,3e4c324b-8050-11f1-8202-2c7ba0e6fa90,synthetic_prior,0,47,0.9954653382301331,8.811944246292114,432213.0,0.9945636987686157,30.893146514892578,0.0032341480255126953,1.004693627357483,2033.283447265625,-0.013741374015808105,1.00490140914917,163.4247589111328,-0.012548685073852539,1.0539283752441406,0.0222610030323267,-0.11284148693084717,1.0819642543792725,10.659879684448242,-0.17420470714569092,0.9938395023345947,16.602827072143555,0.011323153972625732,28,2337,0.0070629119873046875
SLIM+OT_oms_pat5_fn-full_extended_const-small_ints_omt,3e4c324b-8050-11f1-8202-2c7ba0e6fa90,synthetic_prior,0,48,0.995387613773346,8.321516752243042,444946.0,0.997308611869812,30.978408813476562,-0.0022754669189453125,1.0051681995391846,2034.2440185546875,-0.014699459075927734,1.0039989948272705,163.27801513671875,-0.010730981826782227,1.065743088722229,0.022510550916194916,-0.13793134689331055,1.067533016204834,10.51769733428955,-0.14309048652648926,0.9885596632957458,16.51462173461914,0.021800100803375244,29,2419,0.0072179436683654785
SLIM+OT_oms_pat5_fn-full_extended_const-small_ints_omt,3e4c324b-8050-11f1-8202-2c7ba0e6fa90,synthetic_prior,0,49,0.9953563213348389,9.06986403465271,451279.0,0.9980588555335999,31.001712799072266,-0.0037839412689208984,1.0051748752593994,2034.2574462890625,-0.014712929725646973,1.004172444343567,163.30621337890625,-0.011080265045166016,1.0683081150054932,0.022564729675650597,-0.1434156894683838,1.0674492120742798,10.516873359680176,-0.14291119575500488,0.9890298247337341,16.522478103637695,0.02086937427520752,30,2510,0.0072803497314453125
SLIM+OT_oms_pat5_fn-full_extended_const-small_ints_omt,3e4c324b-8050-11f1-8202-2c7ba0e6fa90,synthetic_prior,0,50,0.9953172206878662,7.7041027545928955,455236.0,0.994178295135498,30.881174087524414,0.004006505012512207,1.0039939880371094,2031.8673095703125,-0.012329936027526855,1.005405306816101,163.5067138671875,-0.013564586639404297,1.0688804388046265,0.022576816380023956,-0.14464104175567627,1.0737998485565186,10.579442024230957,-0.15655076503753662,0.9961557984352112,16.641521453857422,0.006709277629852295,29,2450,0.0073583126068115234
SLIM*OT_oms_pat5_fn-full_extended_const-small_ints_omt,3e4c324b-8050-11f1-8202-2c7ba0e6fa90,synthetic_prior,0,0,1.0089174509048462,0.07397842407226562,889.0,1.0061218738555908,31.252166748046875,-0.02006816864013672,1.007790446281433,2039.5506591796875,-0.020000457763671875,1.008576512336731,164.0224609375,-0.019968509674072266,1.0089842081069946,0.021311694756150246,-0.019952058792114258,1.0084069967269897,9.935168266296387,-0.01997542381286621,1.009427547454834,16.863237380981445,-0.01993417739868164,1,2,-0.019954442977905273
SLIM*OT_oms_pat5_fn-full_extended_const-small_ints_omt,3e4c324b-8050-11f1-8202-2c7ba0e6fa90,synthetic_prior,0,1,0.9982695579528809,9.40155839920044,6607.0,0.9969550371170044,30.967422485351562,-0.0015648603439331055,1.0005927085876465,2024.98388671875,-0.00548243522644043,0.9996705651283264,162.57408142089844,-0.002034902572631836,1.0105347633361816,0.021344443783164024,-0.023089289665222168,1.0137358903884888,9.987671852111816,-0.030784130096435547,0.9971235990524292,16.65768814086914,0.00477832555770874,2,79,0.0014607906341552734
SLIM*OT_oms_pat5_fn-full_extended_const-small_ints_omt,3e4c324b-8050-11f1-8202-2c7ba0e6fa90,synthetic_prior,0,2,0.9982695579528809,8.349240779876709,10654.0,0.9969550371170044,30.967422485351562,-0.0015648603439331055,1.0005927085876465,2024.98388671875,-0.00548243522644043,0.9996705651283264,162.57408142089844,-0.002034902572631836,1.0105347633361816,0.021344443783164024,-0.023089289665222168,1.0137358903884888,9.987671852111816,-0.030784130096435547,0.9971235990524292,16.65768814086914,0.00477832555770874,2,79,0.0014607906341552734
SLIM*OT_oms_pat5_fn-full_extended_const-small_ints_omt,3e4c324b-8050-11f1-8202-2c7ba0e6fa90,synthetic_prior,0,3,0.9982225298881531,6.615711450576782,15475.0,0.996788740158081,30.962257385253906,-0.0012308359146118164,0.9994687438011169,2022.7093505859375,-0.003224968910217285,0.9996092319488525,162.56410217285156,-0.0019118785858154297,1.0330294370651245,0.021819576621055603,-0.069144606590271,1.0233322381973267,10.0822172164917,-0.0503917932510376,0.997326672077179,16.661081314086914,0.004372954368591309,4,195,0.0015548467636108398
SLIM*OT_oms_pat5_fn-full_extended_const-small_ints_omt,3e4c324b-8050-11f1-8202-2c7ba0e6fa90,synthetic_prior,0,4,0.9980122447013855,7.888606071472168,20446.0,0.9969163537025452,30.966224670410156,-0.001487135887145996,1.0006160736083984,2025.03125,-0.005529522895812988,0.99979168176651,162.59378051757812,-0.0022776126861572266,1.0353492498397827,0.021868577226996422,-0.07395195960998535,1.0240408182144165,10.08919906616211,-0.051847100257873535,0.9981411099433899,16.6746883392334,0.0027461647987365723,3,136,0.0019754767417907715
SLIM*OT_oms_pat5_fn-full_extended_const-small_ints_omt,3e4c324b-8050-11f1-8202-2c7ba0e6fa90,synthetic_prior,0,5,0.9980122447013855,7.239238977432251,24371.0,0.9969163537025452,30.966224670410156,-0.001487135887145996,1.0006160736083984,2025.03125,-0.005529522895812988,0.99979168176651,162.59378051757812,-0.0022776126861572266,1.0353492498397827,0.021868577226996422,-0.07395195960998535,1.0240408182144165,10.08919906616211,-0.051847100257873535,0.9981411099433899,16.6746883392334,0.0027461647987365723,3,136,0.0019754767417907715
SLIM*OT_oms_pat5_fn-full_extended_const-small_ints_omt,3e4c324b-8050-11f1-8202-2c7ba0e6fa90,synthetic_prior,0,6,0.9980122447013855,8.066943407058716,30849.0,0.9969163537025452,30.966224670410156,-0.001487135887145996,1.0006160736083984,2025.03125,-0.005529522895812988,0.99979168176651,162.59378051757812,-0.0022776126861572266,1.0353492498397827,0.021868577226996422,-0.07395195960998535,1.0240408182144165,10.08919906616211,-0.051847100257873535,0.9981411099433899,16.6746883392334,0.0027461647987365723,3,136,0.0019754767417907715
SLIM*OT_oms_pat5_fn-full_extended_const-small_ints_omt,3e4c324b-8050-11f1-8202-2c7ba0e6fa90,synthetic_prior,0,7,0.9980122447013855,8.859708547592163,38790.0,0.9969163537025452,30.966224670410156,-0.001487135887145996,1.0006160736083984,2025.03125,-0.005529522895812988,0.99979168176651,162.59378051757812,-0.0022776126861572266,1.0353492498397827,0.021868577226996422,-0.07395195960998535,1.0240408182144165,10.08919906616211,-0.051847100257873535,0.9981411099433899,16.6746883392334,0.0027461647987365723,3,136,0.0019754767417907715
SLIM*OT_oms_pat5_fn-full_extended_const-small_ints_omt,3e4c324b-8050-11f1-8202-2c7ba0e6fa90,synthetic_prior,0,8,0.9980122447013855,8.948116302490234,43434.0,0.9969163537025452,30.966224670410156,-0.001487135887145996,1.0006160736083984,2025.03125,-0.005529522895812988,0.99979168176651,162.59378051757812,-0.0022776126861572266,1.0353492498397827,0.021868577226996422,-0.07395195960998535,1.0240408182144165,10.08919906616211,-0.051847100257873535,0.9981411099433899,16.6746883392334,0.0027461647987365723,3,136,0.0019754767417907715
SLIM*OT_oms_pat5_fn-full_extended_const-small_ints_omt,3e4c324b-8050-11f1-8202-2c7ba0e6fa90,synthetic_prior,0,9,0.9980122447013855,7.58358097076416,23366.0,0.9969163537025452,30.966224670410156,-0.001487135887145996,1.0006160736083984,2025.03125,-0.005529522895812988,0.99979168176651,162.59378051757812,-0.0022776126861572266,1.0353492498397827,0.021868577226996422,-0.07395195960998535,1.0240408182144165,10.08919906616211,-0.051847100257873535,0.9981411099433899,16.6746883392334,0.0027461647987365723,3,136,0.0019754767417907715
SLIM*OT_oms_pat5_fn-full_extended_const-small_ints_omt,3e4c324b-8050-11f1-8202-2c7ba0e6fa90,synthetic_prior,0,10,0.9980122447013855,7.4375810623168945,37206.0,0.9969163537025452,30.966224670410156,-0.001487135887145996,1.0006160736083984,2025.03125,-0.005529522895812988,0.99979168176651,162.59378051757812,-0.0022776126861572266,1.0353492498397827,0.021868577226996422,-0.07395195960998535,1.0240408182144165,10.08919906616211,-0.051847100257873535,0.9981411099433899,16.6746883392334,0.0027461647987365723,3,136,0.0019754767417907715
SLIM*OT_oms_pat5_fn-full_extended_const-small_ints_omt,3e4c324b-8050-11f1-8202-2c7ba0e6fa90,synthetic_prior,0,11,0.9980122447013855,7.56444787979126,40528.0,0.9969163537025452,30.966224670410156,-0.001487135887145996,1.0006160736083984,2025.03125,-0.005529522895812988,0.99979168176651,162.59378051757812,-0.0022776126861572266,1.0353492498397827,0.021868577226996422,-0.07395195960998535,1.0240408182144165,10.08919906616211,-0.051847100257873535,0.9981411099433899,16.6746883392334,0.0027461647987365723,3,136,0.0019754767417907715
SLIM*OT_oms_pat5_fn-full_extended_const-small_ints_omt,3e4c324b-8050-11f1-8202-2c7ba0e6fa90,synthetic_prior,0,12,0.9978232979774475,9.616098880767822,43046.0,0.994179368019104,30.881208419799805,0.004004359245300293,0.9979045987129211,2019.5438232421875,-8.726119995117188e-05,0.9996350407600403,162.56829833984375,-0.0019636154174804688,1.0210938453674316,0.02156747318804264,-0.04458153247833252,1.0182205438613892,10.031856536865234,-0.03992438316345215,0.9962397813796997,16.642925262451172,0.006541728973388672,5,208,0.0023533105850219727
SLIM*OT_oms_pat5_fn-full_extended_const-small_ints_omt,3e4c324b-8050-11f1-8202-2c7ba0e6fa90,synthetic_prior,0,13,0.9978232979774475,7.176340579986572,44185.0,0.994179368019104,30.881208419799805,0.004004359245300293,0.9979045987129211,2019.5438232421875,-8.726119995117188e-05,0.9996350407600403,162.56829833984375,-0.0019636154174804688,1.0210938453674316,0.02156747318804264,-0.04458153247833252,1.0182205438613892,10.031856536865234,-0.03992438316345215,0.9962397813796997,16.642925262451172,0.006541728973388672,5,208,0.0023533105850219727
SLIM*OT_oms_pat5_fn-full_extended_const-small_ints_omt,3e4c324b-8050-11f1-8202-2c7ba0e6fa90,synthetic_prior,0,14,0.9978232979774475,9.445531845092773,46333.0,0.994179368019104,30.881208419799805,0.004004359245300293,0.9979045987129211,2019.5438232421875,-8.726119995117188e-05,0.9996350407600403,162.56829833984375,-0.0019636154174804688,1.0210938453674316,0.02156747318804264,-0.04458153247833252,1.0182205438613892,10.031856536865234,-0.03992438316345215,0.9962397813796997,16.642925262451172,0.006541728973388672,5,208,0.0023533105850219727
SLIM*OT_oms_pat5_fn-full_extended_const-small_ints_omt,3e4c324b-8050-11f1-8202-2c7ba0e6fa90,synthetic_prior,0,15,0.9978232979774475,7.174202919006348,45289.0,0.994179368019104,30.881208419799805,0.004004359245300293,0.9979045987129211,2019.5438232421875,-8.726119995117188e-05,0.9996350407600403,162.56829833984375,-0.0019636154174804688,1.0210938453674316,0.02156747318804264,-0.04458153247833252,1.0182205438613892,10.031856536865234,-0.03992438316345215,0.9962397813796997,16.642925262451172,0.006541728973388672,5,208,0.0023533105850219727
SLIM*OT_oms_pat5_fn-full_extended_const-small_ints_omt,3e4c324b-8050-11f1-8202-2c7ba0e6fa90,synthetic_prior,0,16,0.9978232979774475,7.499521493911743,42631.0,0.994179368019104,30.881208419799805,0.004004359245300293,0.9979045987129211,2019.5438232421875,-8.726119995117188e-05,0.9996350407600403,162.56829833984375,-0.0019636154174804688,1.0210938453674316,0.02156747318804264,-0.04458153247833252,1.0182205438613892,10.031856536865234,-0.03992438316345215,0.9962397813796997,16.642925262451172,0.006541728973388672,5,208,0.0023533105850219727
SLIM*OT_oms_pat5_fn-full_extended_const-small_ints_omt,3e4c324b-8050-11f1-8202-2c7ba0e6fa90,synthetic_prior,0,17,0.9977478981018066,7.662367343902588,41334.0,0.9951584339141846,30.91162109375,0.002041637897491455,0.9966047406196594,2016.9132080078125,0.0025163888931274414,1.0006605386734009,162.73507690429688,-0.0040204524993896484,1.038254976272583,0.021929949522018433,-0.07998859882354736,1.0316280126571655,10.163949966430664,-0.06749117374420166,1.0002737045288086,16.71031379699707,-0.001519918441772461,6,249,0.002504110336303711
SLIM*OT_oms_pat5_fn-full_extended_const-small_ints_omt,3e4c324b-8050-11f1-8202-2c7ba0e6fa90,synthetic_prior,0,18,0.9977478981018066,7.891192674636841,41388.0,0.9951584339141846,30.91162109375,0.002041637897491455,0.9966047406196594,2016.9132080078125,0.0025163888931274414,1.0006605386734009,162.73507690429688,-0.0040204524993896484,1.038254976272583,0.021929949522018433,-0.07998859882354736,1.0316280126571655,10.163949966430664,-0.06749117374420166,1.0002737045288086,16.71031379699707,-0.001519918441772461,6,249,0.002504110336303711
SLIM*OT_oms_pat5_fn-full_extended_const-small_ints_omt,3e4c324b-8050-11f1-8202-2c7ba0e6fa90,synthetic_prior,0,19,0.9977478981018066,8.426563739776611,42572.0,0.9951584339141846,30.91162109375,0.002041637897491455,0.9966047406196594,2016.9132080078125,0.0025163888931274414,1.0006605386734009,162.73507690429688,-0.0040204524993896484,1.038254976272583,0.021929949522018433,-0.07998859882354736,1.0316280126571655,10.163949966430664,-0.06749117374420166,1.0002737045288086,16.71031379699707,-0.001519918441772461,6,249,0.002504110336303711
SLIM*OT_oms_pat5_fn-full_extended_const-small_ints_omt,3e4c324b-8050-11f1-8202-2c7ba0e6fa90,synthetic_prior,0,20,0.9977478981018066,8.174190998077393,46187.0,0.9951584339141846,30.91162109375,0.002041637897491455,0.9966047406196594,2016.9132080078125,0.0025163888931274414,1.0006605386734009,162.73507690429688,-0.0040204524993896484,1.038254976272583,0.021929949522018433,-0.07998859882354736,1.0316280126571655,10.163949966430664,-0.06749117374420166,1.0002737045288086,16.71031379699707,-0.001519918441772461,6,249,0.002504110336303711
SLIM*OT_oms_pat5_fn-full_extended_const-small_ints_omt,3e4c324b-8050-11f1-8202-2c7ba0e6fa90,synthetic_prior,0,21,0.9977478981018066,7.115718841552734,45739.0,0.9951584339141846,30.91162109375,0.002041637897491455,0.9966047406196594,2016.9132080078125,0.0025163888931274414,1.0006605386734009,162.73507690429688,-0.0040204524993896484,1.038254976272583,0.021929949522018433,-0.07998859882354736,1.0316280126571655,10.163949966430664,-0.06749117374420166,1.0002737045288086,16.71031379699707,-0.001519918441772461,6,249,0.002504110336303711
SLIM*OT_oms_pat5_fn-full_extended_const-small_ints_omt,3e4c324b-8050-11f1-8202-2c7ba0e6fa90,synthetic_prior,0,22,0.9977478981018066,6.79143762588501,22444.0,0.9951584339141846,30.91162109375,0.002041637897491455,0.9966047406196594,2016.9132080078125,0.0025163888931274414,1.0006605386734009,162.73507690429688,-0.0040204524993896484,1.038254976272583,0.021929949522018433,-0.07998859882354736,1.0316280126571655,10.163949966430664,-0.06749117374420166,1.0002737045288086,16.71031379699707,-0.001519918441772461,6,249,0.002504110336303711
SLIM*OT_oms_pat5_fn-full_extended_const-small_ints_omt,3e4c324b-8050-11f1-8202-2c7ba0e6fa90,synthetic_prior,0,23,0.9977478981018066,7.843348741531372,38550.0,0.9951584339141846,30.91162109375,0.002041637897491455,0.9966047406196594,2016.9132080078125,0.0025163888931274414,1.0006605386734009,162.73507690429688,-0.0040204524993896484,1.038254976272583,0.021929949522018433,-0.07998859882354736,1.0316280126571655,10.163949966430664,-0.06749117374420166,1.0002737045288086,16.71031379699707,-0.001519918441772461,6,249,0.002504110336303711
SLIM*OT_oms_pat5_fn-full_extended_const-small_ints_omt,3e4c324b-8050-11f1-8202-2c7ba0e6fa90,synthetic_prior,0,24,0.9977431893348694,7.5746989250183105,45190.0,0.9938431978225708,30.87076187133789,0.004677891731262207,0.9979286789894104,2019.5926513671875,-0.00013554096221923828,1.0001649856567383,162.65451049804688,-0.0030263662338256836,1.0211265087127686,0.021568164229393005,-0.04464852809906006,1.0218361616134644,10.06747817993164,-0.047322869300842285,0.9950445294380188,16.622957229614258,0.008924245834350586,6,332,0.0025135278701782227
SLIM*OT_oms_pat5_fn-full_extended_const-small_ints_omt,3e4c324b-8050-11f1-8202-2c7ba0e6fa90,synthetic_prior,0,25,0.9977431893348694,7.586168050765991,51338.0,0.9938431978225708,30.87076187133789,0.004677891731262207,0.9979286789894104,2019.5926513671875,-0.00013554096221923828,1.0001649856567383,162.65451049804688,-0.0030263662338256836,1.0211265087127686,0.021568164229393005,-0.04464852809906006,1.0218361616134644,10.06747817993164,-0.047322869300842285,0.9950445294380188,16.622957229614258,0.008924245834350586,6,332,0.0025135278701782227
SLIM*OT_oms_pat5_fn-full_extended_const-small_ints_omt,3e4c324b-8050-11f1-8202-2c7ba0e6fa90,synthetic_prior,0,26,0.9977431893348694,8.566424369812012,53949.0,0.9938431978225708,30.87076187133789,0.004677891731262207,0.9979286789894104,2019.5926513671875,-0.00013554096221923828,1.0001649856567383,162.65451049804688,-0.0030263662338256836,1.0211265087127686,0.021568164229393005,-0.04464852809906006,1.0218361616134644,10.06747817993164,-0.047322869300842285,0.9950445294380188,16.622957229614258,0.008924245834350586,6,332,0.0025135278701782227
SLIM*OT_oms_pat5_fn-full_extended_const-small_ints_omt,3e4c324b-8050-11f1-8202-2c7ba0e6fa90,synthetic_prior,0,27,0.9977214932441711,8.247586250305176,56775.0,0.993938684463501,30.873733520507812,0.004486560821533203,0.9979979991912842,2019.73291015625,-0.0002745389938354492,1.000341534614563,162.68319702148438,-0.003380417823791504,1.0258944034576416,0.021668870002031326,-0.05442655086517334,1.0254207849502563,10.102795600891113,-0.054683804512023926,0.995732843875885,16.63445472717285,0.007552623748779297,6,255,0.0025568604469299316
SLIM*OT_oms_pat5_fn-full_extended_const-small_ints_omt,3e4c324b-8050-11f1-8202-2c7ba0e6fa90,synthetic_prior,0,28,0.9977214932441711,6.564699411392212,53400.0,0.993938684463501,30.873733520507812,0.004486560821533203,0.9979979991912842,2019.73291015625,-0.0002745389938354492,1.000341534614563,162.68319702148438,-0.003380417823791504,1.0258944034576416,0.021668870002031326,-0.05442655086517334,1.0254207849502563,10.102795600891113,-0.054683804512023926,0.995732843875885,16.63445472717285,0.007552623748779297,6,255,0.0025568604469299316
SLIM*OT_oms_pat5_fn-full_extended_const-small_ints_omt,3e4c324b-8050-11f1-8202-2c7ba0e6fa90,synthetic_prior,0,29,0.9976928234100342,8.186645746231079,53087.0,0.9962878823280334,30.946704864501953,-0.00022494792938232422,0.9960476756095886,2015.785888671875,0.003631114959716797,1.0004850625991821,162.70654296875,-0.0036683082580566406,1.0390557050704956,0.02194686233997345,-0.08165490627288818,1.01691734790802,10.019015312194824,-0.037264227867126465,0.9965617060661316,16.64830207824707,0.005899608135223389,7,304,0.0026142001152038574
SLIM*OT_oms_pat5_fn-full_extended_const-small_ints_omt,3e4c324b-8050-11f1-8202-2c7ba0e6fa90,synthetic_prior,0,30,0.9976928234100342,8.015973806381226,54240.0,0.9962878823280334,30.946704864501953,-0.00022494792938232422,0.9960476756095886,2015.785888671875,0.003631114959716797,1.0004850625991821,162.70654296875,-0.0036683082580566406,1.0390557050704956,0.02194686233997345,-0.08165490627288818,1.01691734790802,10.019015312194824,-0.037264227867126465,0.9965617060661316,16.64830207824707,0.005899608135223389,7,304,0.0026142001152038574
SLIM*OT_oms_pat5_fn-full_extended_const-small_ints_omt,3e4c324b-8050-11f1-8202-2c7ba0e6fa90,synthetic_prior,0,31,0.9976928234100342,8.604917049407959,54624.0,0.9962878823280334,30.946704864501953,-0.00022494792938232422,0.9960476756095886,2015.785888671875,0.003631114959716797,1.0004850625991821,162.70654296875,-0.0036683082580566406,1.0390557050704956,0.02194686233997345,-0.08165490627288818,1.01691734790802,10.019015312194824,-0.037264227867126465,0.9965617060661316,16.64830207824707,0.005899608135223389,7,304,0.0026142001152038574
SLIM*OT_oms_pat5_fn-full_extended_const-small_ints_omt,3e4c324b-8050-11f1-8202-2c7ba0e6fa90,synthetic_prior,0,32,0.9976686239242554,7.221139430999756,55989.0,0.994374692440033,30.88727378845215,0.0036130547523498535,0.9988461136817932,2021.4493408203125,-0.001975417137145996,1.001204252243042,162.823486328125,-0.005111813545227051,1.0429317951202393,0.022028734907507896,-0.08974003791809082,1.0308620929718018,10.156404495239258,-0.06590676307678223,0.9927816390991211,16.585155487060547,0.013426721096038818,7,294,0.0026625990867614746
SLIM*OT_oms_pat5_fn-full_extended_const-small_ints_omt,3e4c324b-8050-11f1-8202-2c7ba0e6fa90,synthetic_prior,0,33,0.9976686239242554,8.140902280807495,58096.0,0.994374692440033,30.88727378845215,0.0036130547523498535,0.9988461136817932,2021.4493408203125,-0.001975417137145996,1.001204252243042,162.823486328125,-0.005111813545227051,1.0429317951202393,0.022028734907507896,-0.08974003791809082,1.0308620929718018,10.156404495239258,-0.06590676307678223,0.9927816390991211,16.585155487060547,0.013426721096038818,7,294,0.0026625990867614746
SLIM*OT_oms_pat5_fn-full_extended_const-small_ints_omt,3e4c324b-8050-11f1-8202-2c7ba0e6fa90,synthetic_prior,0,34,0.9976686239242554,7.984236478805542,63096.0,0.994374692440033,30.88727378845215,0.0036130547523498535,0.9988461136817932,2021.4493408203125,-0.001975417137145996,1.001204252243042,162.823486328125,-0.005111813545227051,1.0429317951202393,0.022028734907507896,-0.08974003791809082,1.0308620929718018,10.156404495239258,-0.06590676307678223,0.9927816390991211,16.585155487060547,0.013426721096038818,7,294,0.0026625990867614746
SLIM*OT_oms_pat5_fn-full_extended_const-small_ints_omt,3e4c324b-8050-11f1-8202-2c7ba0e6fa90,synthetic_prior,0,35,0.9976686239242554,6.953272581100464,61932.0,0.994374692440033,30.88727378845215,0.0036130547523498535,0.9988461136817932,2021.4493408203125,-0.001975417137145996,1.001204252243042,162.823486328125,-0.005111813545227051,1.0429317951202393,0.022028734907507896,-0.08974003791809082,1.0308620929718018,10.156404495239258,-0.06590676307678223,0.9927816390991211,16.585155487060547,0.013426721096038818,7,294,0.0026625990867614746
SLIM*OT_oms_pat5_fn-full_extended_const-small_ints_omt,3e4c324b-8050-11f1-8202-2c7ba0e6fa90,synthetic_prior,0,36,0.9976686239242554,9.446964502334595,62956.0,0.994374692440033,30.88727378845215,0.0036130547523498535,0.9988461136817932,2021.4493408203125,-0.001975417137145996,1.001204252243042,162.823486328125,-0.005111813545227051,1.0429317951202393,0.022028734907507896,-0.08974003791809082,1.0308620929718018,10.156404495239258,-0.06590676307678223,0.9927816390991211,16.585155487060547,0.013426721096038818,7,294,0.0026625990867614746
SLIM*OT_oms_pat5_fn-full_extended_const-small_ints_omt,3e4c324b-8050-11f1-8202-2c7ba0e6fa90,synthetic_prior,0,37,0.997608482837677,6.134263753890991,62568.0,0.9945504069328308,30.892732620239258,0.003260791301727295,0.99860018491745,2020.95166015625,-0.0014820098876953125,1.000175952911377,162.65626525878906,-0.0030483007431030273,1.0359282493591309,0.021880805492401123,-0.07515347003936768,1.0222867727279663,10.071917533874512,-0.04824686050415039,0.9935110211372375,16.597339630126953,0.011976659297943115,6,247,0.0027829408645629883
SLIM*OT_oms_pat5_fn-full_extended_const-small_ints_omt,3e4c324b-8050-11f1-8202-2c7ba0e6fa90,synthetic_prior,0,38,0.997608482837677,6.77853798866272,59214.0,0.9945504069328308,30.892732620239258,0.003260791301727295,0.99860018491745,2020.95166015625,-0.0014820098876953125,1.000175952911377,162.65626525878906,-0.0030483007431030273,1.0359282493591309,0.021880805492401123,-0.07515347003936768,1.0222867727279663,10.071917533874512,-0.04824686050415039,0.9935110211372375,16.597339630126953,0.011976659297943115,6,247,0.0027829408645629883
SLIM*OT_oms_pat5_fn-full_extended_const-small_ints_omt,3e4c324b-8050-11f1-8202-2c7ba0e6fa90,synthetic_prior,0,39,0.9975870847702026,7.641366720199585,56947.0,0.9969003200531006,30.965728759765625,-0.0014549493789672852,0.9985198378562927,2020.7889404296875,-0.0013208389282226562,0.9995865225791931,162.56040954589844,-0.0018663406372070312,1.0244585275650024,0.0216385405510664,-0.05147707462310791,1.0204709768295288,10.054027557373047,-0.04452621936798096,0.9950404763221741,16.62289047241211,0.008932232856750488,8,377,0.0028256773948669434
SLIM*OT_oms_pat5_fn-full_extended_const-small_ints_omt,3e4c324b-8050-11f1-8202-2c7ba0e6fa90,synthetic_prior,0,40,0.9975870847702026,7.929972410202026,58509.0,0.9969003200531006,30.965728759765625,-0.0014549493789672852,0.9985198378562927,2020.7889404296875,-0.0013208389282226562,0.9995865225791931,162.56040954589844,-0.0018663406372070312,1.0244585275650024,0.0216385405510664,-0.05147707462310791,1.0204709768295288,10.054027557373047,-0.04452621936798096,0.9950404763221741,16.62289047241211,0.008932232856750488,8,377,0.0028256773948669434
SLIM*OT_oms_pat5_fn-full_extended_const-small_ints_omt,3e4c324b-8050-11f1-8202-2c7ba0e6fa90,synthetic_prior,0,41,0.9975870847702026,8.235114336013794,58380.0,0.9969003200531006,30.965728759765625,-0.0014549493789672852,0.9985198378562927,2020.7889404296875,-0.0013208389282226562,0.9995865225791931,162.56040954589844,-0.0018663406372070312,1.0244585275650024,0.0216385405510664,-0.05147707462310791,1.0204709768295288,10.054027557373047,-0.04452621936798096,0.9950404763221741,16.62289047241211,0.008932232856750488,8,377,0.0028256773948669434
SLIM*OT_oms_pat5_fn-full_extended_const-small_ints_omt,3e4c324b-8050-11f1-8202-2c7ba0e6fa90,synthetic_prior,0,42,0.9975869655609131,7.034626007080078,57732.0,0.9942185878753662,30.882423400878906,0.0039258599281311035,0.998149573802948,2020.03955078125,-0.0005784034729003906,0.9998550415039062,162.6040802001953,-0.00240480899810791,1.035430908203125,0.02187029831111431,-0.07412123680114746,1.0257569551467896,10.106106758117676,-0.05537557601928711,0.9951494932174683,16.624710083007812,0.008715152740478516,6,284,0.002825915813446045
SLIM*OT_oms_pat5_fn-full_extended_const-small_ints_omt,3e4c324b-8050-11f1-8202-2c7ba0e6fa90,synthetic_prior,0,43,0.9975869655609131,8.225518465042114,58275.0,0.9942185878753662,30.882423400878906,0.0039258599281311035,0.998149573802948,2020.03955078125,-0.0005784034729003906,0.9998550415039062,162.6040802001953,-0.00240480899810791,1.035430908203125,0.02187029831111431,-0.07412123680114746,1.0257569551467896,10.106106758117676,-0.05537557601928711,0.9951494932174683,16.624710083007812,0.008715152740478516,6,284,0.002825915813446045
SLIM*OT_oms_pat5_fn-full_extended_const-small_ints_omt,3e4c324b-8050-11f1-8202-2c7ba0e6fa90,synthetic_prior,0,44,0.9975869655609131,7.72353720664978,55542.0,0.9942185878753662,30.882423400878906,0.0039258599281311035,0.998149573802948,2020.03955078125,-0.0005784034729003906,0.9998550415039062,162.6040802001953,-0.00240480899810791,1.035430908203125,0.02187029831111431,-0.07412123680114746,1.0257569551467896,10.106106758117676,-0.05537557601928711,0.9951494932174683,16.624710083007812,0.008715152740478516,6,284,0.002825915813446045
SLIM*OT_oms_pat5_fn-full_extended_const-small_ints_omt,3e4c324b-8050-11f1-8202-2c7ba0e6fa90,synthetic_prior,0,45,0.9975869655609131,9.049985408782959,57980.0,0.9942185878753662,30.882423400878906,0.0039258599281311035,0.998149573802948,2020.03955078125,-0.0005784034729003906,0.9998550415039062,162.6040802001953,-0.00240480899810791,1.035430908203125,0.02187029831111431,-0.07412123680114746,1.0257569551467896,10.106106758117676,-0.05537557601928711,0.9951494932174683,16.624710083007812,0.008715152740478516,6,284,0.002825915813446045
SLIM*OT_oms_pat5_fn-full_extended_const-small_ints_omt,3e4c324b-8050-11f1-8202-2c7ba0e6fa90,synthetic_prior,0,46,0.9975869655609131,8.514820337295532,58362.0,0.9942185878753662,30.882423400878906,0.0039258599281311035,0.998149573802948,2020.03955078125,-0.0005784034729003906,0.9998550415039062,162.6040802001953,-0.00240480899810791,1.035430908203125,0.02187029831111431,-0.07412123680114746,1.0257569551467896,10.106106758117676,-0.05537557601928711,0.9951494932174683,16.624710083007812,0.008715152740478516,6,284,0.002825915813446045
SLIM*OT_oms_pat5_fn-full_extended_const-small_ints_omt,3e4c324b-8050-11f1-8202-2c7ba0e6fa90,synthetic_prior,0,47,0.9975869655609131,7.403407096862793,24379.0,0.9942185878753662,30.882423400878906,0.0039258599281311035,0.998149573802948,2020.03955078125,-0.0005784034729003906,0.9998550415039062,162.6040802001953,-0.00240480899810791,1.035430908203125,0.02187029831111431,-0.07412123680114746,1.0257569551467896,10.106106758117676,-0.05537557601928711,0.9951494932174683,16.624710083007812,0.008715152740478516,6,284,0.002825915813446045
SLIM*OT_oms_pat5_fn-full_extended_const-small_ints_omt,3e4c324b-8050-11f1-8202-2c7ba0e6fa90,synthetic_prior,0,48,0.9975869655609131,8.672290086746216,36957.0,0.9942185878753662,30.882423400878906,0.0039258599281311035,0.998149573802948,2020.03955078125,-0.0005784034729003906,0.9998550415039062,162.6040802001953,-0.00240480899810791,1.035430908203125,0.02187029831111431,-0.07412123680114746,1.0257569551467896,10.106106758117676,-0.05537557601928711,0.9951494932174683,16.624710083007812,0.008715152740478516,6,284,0.002825915813446045
SLIM*OT_oms_pat5_fn-full_extended_const-small_ints_omt,3e4c324b-8050-11f1-8202-2c7ba0e6fa90,synthetic_prior,0,49,0.9975869655609131,7.062083959579468,44641.0,0.9942185878753662,30.882423400878906,0.0039258599281311035,0.998149573802948,2020.03955078125,-0.0005784034729003906,0.9998550415039062,162.6040802001953,-0.00240480899810791,1.035430908203125,0.02187029831111431,-0.07412123680114746,1.0257569551467896,10.106106758117676,-0.05537557601928711,0.9951494932174683,16.624710083007812,0.008715152740478516,6,284,0.002825915813446045
SLIM*OT_oms_pat5_fn-full_extended_const-small_ints_omt,3e4c324b-8050-11f1-8202-2c7ba0e6fa90,synthetic_prior,0,50,0.9975869655609131,7.126686334609985,48468.0,0.9942185878753662,30.882423400878906,0.0039258599281311035,0.998149573802948,2020.03955078125,-0.0005784034729003906,0.9998550415039062,162.6040802001953,-0.00240480899810791,1.035430908203125,0.02187029831111431,-0.07412123680114746,1.0257569551467896,10.106106758117676,-0.05537557601928711,0.9951494932174683,16.624710083007812,0.008715152740478516,6,284,0.002825915813446045
