run_id,algo,function_set,constant_set,p_c,functions,constants
93307cb4-7f60-11f1-87ef-2c7ba0e6fa90,SLIM*MIX_oms_pat5_fn-arith_full_const-none,arith_full,none,0.0,add;subtract;multiply;divide,{}
93307cb4-7f60-11f1-87ef-2c7ba0e6fa90,SLIM*MIX_oms_pat5_fn-arith_full_const-small_ints,arith_full,small_ints,0.15,add;subtract;multiply;divide,"{""constant_2"": 2.0, ""constant_3"": 3.0, ""constant_4"": 4.0, ""constant_5"": 5.0, ""constant__1"": -1.0}"
93307cb4-7f60-11f1-87ef-2c7ba0e6fa90,SLIM*MIX_oms_pat5_fn-arith_full_const-unit,arith_full,unit,0.15,add;subtract;multiply;divide,"{""constant_1"": 1.0, ""constant__1"": -1.0, ""constant_2"": 2.0, ""constant__2"": -2.0}"
93307cb4-7f60-11f1-87ef-2c7ba0e6fa90,SLIM*MIX_oms_pat5_fn-arith_full_const-fractional,arith_full,fractional,0.15,add;subtract;multiply;divide,"{""constant_half"": 0.5, ""constant_1"": 1.0, ""constant_2"": 2.0, ""constant__half"": -0.5, ""constant__1"": -1.0}"
93307cb4-7f60-11f1-87ef-2c7ba0e6fa90,SLIM*MIX_oms_pat5_fn-arith_base_const-none,arith_base,none,0.0,add;subtract,{}
93307cb4-7f60-11f1-87ef-2c7ba0e6fa90,SLIM*MIX_oms_pat5_fn-arith_base_const-small_ints,arith_base,small_ints,0.15,add;subtract,"{""constant_2"": 2.0, ""constant_3"": 3.0, ""constant_4"": 4.0, ""constant_5"": 5.0, ""constant__1"": -1.0}"
93307cb4-7f60-11f1-87ef-2c7ba0e6fa90,SLIM*MIX_oms_pat5_fn-arith_base_const-unit,arith_base,unit,0.15,add;subtract,"{""constant_1"": 1.0, ""constant__1"": -1.0, ""constant_2"": 2.0, ""constant__2"": -2.0}"
93307cb4-7f60-11f1-87ef-2c7ba0e6fa90,SLIM*MIX_oms_pat5_fn-arith_base_const-fractional,arith_base,fractional,0.15,add;subtract,"{""constant_half"": 0.5, ""constant_1"": 1.0, ""constant_2"": 2.0, ""constant__half"": -0.5, ""constant__1"": -1.0}"
93307cb4-7f60-11f1-87ef-2c7ba0e6fa90,SLIM*MIX_oms_pat5_fn-add_mult_const-none,add_mult,none,0.0,add;multiply,{}
93307cb4-7f60-11f1-87ef-2c7ba0e6fa90,SLIM*MIX_oms_pat5_fn-add_mult_const-small_ints,add_mult,small_ints,0.15,add;multiply,"{""constant_2"": 2.0, ""constant_3"": 3.0, ""constant_4"": 4.0, ""constant_5"": 5.0, ""constant__1"": -1.0}"
93307cb4-7f60-11f1-87ef-2c7ba0e6fa90,SLIM*MIX_oms_pat5_fn-add_mult_const-unit,add_mult,unit,0.15,add;multiply,"{""constant_1"": 1.0, ""constant__1"": -1.0, ""constant_2"": 2.0, ""constant__2"": -2.0}"
93307cb4-7f60-11f1-87ef-2c7ba0e6fa90,SLIM*MIX_oms_pat5_fn-add_mult_const-fractional,add_mult,fractional,0.15,add;multiply,"{""constant_half"": 0.5, ""constant_1"": 1.0, ""constant_2"": 2.0, ""constant__half"": -0.5, ""constant__1"": -1.0}"
93307cb4-7f60-11f1-87ef-2c7ba0e6fa90,SLIM*MIX_oms_pat5_fn-arith_trig_const-none,arith_trig,none,0.0,add;subtract;multiply;divide;sin;cos,{}
93307cb4-7f60-11f1-87ef-2c7ba0e6fa90,SLIM*MIX_oms_pat5_fn-arith_trig_const-small_ints,arith_trig,small_ints,0.15,add;subtract;multiply;divide;sin;cos,"{""constant_2"": 2.0, ""constant_3"": 3.0, ""constant_4"": 4.0, ""constant_5"": 5.0, ""constant__1"": -1.0}"
93307cb4-7f60-11f1-87ef-2c7ba0e6fa90,SLIM*MIX_oms_pat5_fn-arith_trig_const-unit,arith_trig,unit,0.15,add;subtract;multiply;divide;sin;cos,"{""constant_1"": 1.0, ""constant__1"": -1.0, ""constant_2"": 2.0, ""constant__2"": -2.0}"
93307cb4-7f60-11f1-87ef-2c7ba0e6fa90,SLIM*MIX_oms_pat5_fn-arith_trig_const-fractional,arith_trig,fractional,0.15,add;subtract;multiply;divide;sin;cos,"{""constant_half"": 0.5, ""constant_1"": 1.0, ""constant_2"": 2.0, ""constant__half"": -0.5, ""constant__1"": -1.0}"
93307cb4-7f60-11f1-87ef-2c7ba0e6fa90,SLIM*MIX_oms_pat5_fn-arith_trig_tan_const-none,arith_trig_tan,none,0.0,add;subtract;multiply;divide;sin;cos;tan,{}
93307cb4-7f60-11f1-87ef-2c7ba0e6fa90,SLIM*MIX_oms_pat5_fn-arith_trig_tan_const-small_ints,arith_trig_tan,small_ints,0.15,add;subtract;multiply;divide;sin;cos;tan,"{""constant_2"": 2.0, ""constant_3"": 3.0, ""constant_4"": 4.0, ""constant_5"": 5.0, ""constant__1"": -1.0}"
93307cb4-7f60-11f1-87ef-2c7ba0e6fa90,SLIM*MIX_oms_pat5_fn-arith_trig_tan_const-unit,arith_trig_tan,unit,0.15,add;subtract;multiply;divide;sin;cos;tan,"{""constant_1"": 1.0, ""constant__1"": -1.0, ""constant_2"": 2.0, ""constant__2"": -2.0}"
93307cb4-7f60-11f1-87ef-2c7ba0e6fa90,SLIM*MIX_oms_pat5_fn-arith_trig_tan_const-fractional,arith_trig_tan,fractional,0.15,add;subtract;multiply;divide;sin;cos;tan,"{""constant_half"": 0.5, ""constant_1"": 1.0, ""constant_2"": 2.0, ""constant__half"": -0.5, ""constant__1"": -1.0}"
93307cb4-7f60-11f1-87ef-2c7ba0e6fa90,SLIM*MIX_oms_pat5_fn-arith_log_sqrt_const-none,arith_log_sqrt,none,0.0,add;subtract;multiply;divide;log;sqrt,{}
93307cb4-7f60-11f1-87ef-2c7ba0e6fa90,SLIM*MIX_oms_pat5_fn-arith_log_sqrt_const-small_ints,arith_log_sqrt,small_ints,0.15,add;subtract;multiply;divide;log;sqrt,"{""constant_2"": 2.0, ""constant_3"": 3.0, ""constant_4"": 4.0, ""constant_5"": 5.0, ""constant__1"": -1.0}"
93307cb4-7f60-11f1-87ef-2c7ba0e6fa90,SLIM*MIX_oms_pat5_fn-arith_log_sqrt_const-unit,arith_log_sqrt,unit,0.15,add;subtract;multiply;divide;log;sqrt,"{""constant_1"": 1.0, ""constant__1"": -1.0, ""constant_2"": 2.0, ""constant__2"": -2.0}"
93307cb4-7f60-11f1-87ef-2c7ba0e6fa90,SLIM*MIX_oms_pat5_fn-arith_log_sqrt_const-fractional,arith_log_sqrt,fractional,0.15,add;subtract;multiply;divide;log;sqrt,"{""constant_half"": 0.5, ""constant_1"": 1.0, ""constant_2"": 2.0, ""constant__half"": -0.5, ""constant__1"": -1.0}"
93307cb4-7f60-11f1-87ef-2c7ba0e6fa90,SLIM*MIX_oms_pat5_fn-full_extended_const-none,full_extended,none,0.0,add;subtract;multiply;divide;sin;cos;tan;log;sqrt;exp,{}
93307cb4-7f60-11f1-87ef-2c7ba0e6fa90,SLIM*MIX_oms_pat5_fn-full_extended_const-small_ints,full_extended,small_ints,0.15,add;subtract;multiply;divide;sin;cos;tan;log;sqrt;exp,"{""constant_2"": 2.0, ""constant_3"": 3.0, ""constant_4"": 4.0, ""constant_5"": 5.0, ""constant__1"": -1.0}"
93307cb4-7f60-11f1-87ef-2c7ba0e6fa90,SLIM*MIX_oms_pat5_fn-full_extended_const-unit,full_extended,unit,0.15,add;subtract;multiply;divide;sin;cos;tan;log;sqrt;exp,"{""constant_1"": 1.0, ""constant__1"": -1.0, ""constant_2"": 2.0, ""constant__2"": -2.0}"
93307cb4-7f60-11f1-87ef-2c7ba0e6fa90,SLIM*MIX_oms_pat5_fn-full_extended_const-fractional,full_extended,fractional,0.15,add;subtract;multiply;divide;sin;cos;tan;log;sqrt;exp,"{""constant_half"": 0.5, ""constant_1"": 1.0, ""constant_2"": 2.0, ""constant__half"": -0.5, ""constant__1"": -1.0}"
