run_id,algo,variant,seed,pop_size,tournament_size,p_inflate,n_elites,elite_train_rmse,elite_size,elite_nodes
03631394-7c46-11f1-8c80-72c976fed59b,SLIM~MIX_oms,SLIM~MIX,0,50,2,0.5,10,0.9943990111351013,70,1274
036314b6-7c46-11f1-8c80-72c976fed59b,SLIM+MIX_oms,SLIM+MIX,0,50,2,0.7,1,1.1888363361358643,138,2544
036315ba-7c46-11f1-8c80-72c976fed59b,SLIM*MIX_oms,SLIM*MIX,0,50,2,0.7,1,0.9985940456390381,71,1883
036316a0-7c46-11f1-8c80-72c976fed59b,SLIM~MIX_oms,SLIM~MIX,0,50,2,0.7,1,0.9939770102500916,115,2527
036317b8-7c46-11f1-8c80-72c976fed59b,SLIM+MIX_oms,SLIM+MIX,0,50,2,0.7,3,1.188252329826355,136,2624
03631916-7c46-11f1-8c80-72c976fed59b,SLIM*MIX_oms,SLIM*MIX,0,50,2,0.7,3,0.9980021715164185,34,842
03631a42-7c46-11f1-8c80-72c976fed59b,SLIM~MIX_oms,SLIM~MIX,0,50,2,0.7,3,0.993655264377594,111,2785
03631ca4-7c46-11f1-8c80-72c976fed59b,SLIM*MIX_oms,SLIM*MIX,0,50,2,0.7,5,0.9985013604164124,35,893
1ea5a0f0-7ba4-11f1-8bb2-2c7ba0e6fa90,SLIM~MIX_oms,SLIM~MIX,0,50,2,0.3,10,0.9957842826843262,53,1203
278f80da-7ba5-11f1-902a-2c7ba0e6fa90,SLIM+MIX_oms,SLIM+MIX,0,50,2,0.5,1,1.1719661951065063,82,1802
2de7aba2-7ba5-11f1-afb3-2c7ba0e6fa90,SLIM*MIX_oms,SLIM*MIX,0,50,2,0.5,1,0.9985353350639343,26,546
3742e790-7c76-11f1-bc3d-72c976fed59b,SLIM+MIX_oms,SLIM+MIX,0,50,2,0.7,5,1.0876542329788208,116,2214
374369cc-7c76-11f1-bc3d-72c976fed59b,SLIM~MIX_oms,SLIM~MIX,0,50,2,0.7,5,0.9929644465446472,110,2518
37437606-7c76-11f1-bc3d-72c976fed59b,SLIM+MIX_oms,SLIM+MIX,0,50,2,0.7,10,1.189282774925232,120,2518
3743829a-7c76-11f1-bc3d-72c976fed59b,SLIM*MIX_oms,SLIM*MIX,0,50,2,0.7,10,0.9983465075492859,45,853
374394b0-7c76-11f1-bc3d-72c976fed59b,SLIM~MIX_oms,SLIM~MIX,0,50,2,0.7,10,0.9936483502388,102,2094
374397da-7c76-11f1-bc3d-72c976fed59b,SLIM+MIX_oms,SLIM+MIX,0,50,5,0.3,1,1.2545088529586792,106,2252
374399ce-7c76-11f1-bc3d-72c976fed59b,SLIM*MIX_oms,SLIM*MIX,0,50,5,0.3,1,0.9985221028327942,47,1031
3743a37e-7c76-11f1-bc3d-72c976fed59b,SLIM~MIX_oms,SLIM~MIX,0,50,5,0.3,1,0.9933467507362366,86,1618
3743a720-7c76-11f1-bc3d-72c976fed59b,SLIM+MIX_oms,SLIM+MIX,0,50,5,0.3,3,1.2901887893676758,114,2162
3743a856-7c76-11f1-bc3d-72c976fed59b,SLIM*MIX_oms,SLIM*MIX,0,50,5,0.3,3,0.9984199404716492,34,698
3743a96e-7c76-11f1-bc3d-72c976fed59b,SLIM~MIX_oms,SLIM~MIX,0,50,5,0.3,3,0.9938371181488037,89,2129
3743aa72-7c76-11f1-bc3d-72c976fed59b,SLIM+MIX_oms,SLIM+MIX,0,50,5,0.3,5,1.2866859436035156,113,1965
3743ab9e-7c76-11f1-bc3d-72c976fed59b,SLIM*MIX_oms,SLIM*MIX,0,50,5,0.3,5,0.9989953637123108,71,1595
3743aca2-7c76-11f1-bc3d-72c976fed59b,SLIM~MIX_oms,SLIM~MIX,0,50,5,0.3,5,0.9933782815933228,85,1781
3743b026-7c76-11f1-bc3d-72c976fed59b,SLIM+MIX_oms,SLIM+MIX,0,50,5,0.3,10,1.2887603044509888,110,2158
3743b080-7c76-11f1-bc3d-72c976fed59b,SLIM*MIX_oms,SLIM*MIX,0,50,5,0.3,10,0.9986646771430969,48,1176
3743b0c6-7c76-11f1-bc3d-72c976fed59b,SLIM~MIX_oms,SLIM~MIX,0,50,5,0.3,10,0.9937974214553833,83,1527
3743b4d6-7c76-11f1-bc3d-72c976fed59b,SLIM+MIX_oms,SLIM+MIX,0,50,5,0.5,1,1.2515839338302612,133,2375
3743b85a-7c76-11f1-bc3d-72c976fed59b,SLIM*MIX_oms,SLIM*MIX,0,50,5,0.5,1,0.9983903169631958,71,2031
3743bbca-7c76-11f1-bc3d-72c976fed59b,SLIM~MIX_oms,SLIM~MIX,0,50,5,0.5,1,0.9919294118881226,119,2593
3743bc74-7c76-11f1-bc3d-72c976fed59b,SLIM+MIX_oms,SLIM+MIX,0,50,5,0.5,3,1.2559562921524048,131,2405
3743c3c2-7c76-11f1-bc3d-72c976fed59b,SLIM*MIX_oms,SLIM*MIX,0,50,5,0.5,3,0.9987061023712158,61,1737
3743c7c8-7c76-11f1-bc3d-72c976fed59b,SLIM~MIX_oms,SLIM~MIX,0,50,5,0.5,3,0.9919136762619019,119,2447
3743c822-7c76-11f1-bc3d-72c976fed59b,SLIM+MIX_oms,SLIM+MIX,0,50,5,0.5,5,1.2865689992904663,145,2943
3743c872-7c76-11f1-bc3d-72c976fed59b,SLIM*MIX_oms,SLIM*MIX,0,50,5,0.5,5,0.9982983469963074,52,1352
3743c8b8-7c76-11f1-bc3d-72c976fed59b,SLIM~MIX_oms,SLIM~MIX,0,50,5,0.5,5,0.9918116927146912,116,2400
3743c908-7c76-11f1-bc3d-72c976fed59b,SLIM+MIX_oms,SLIM+MIX,0,50,5,0.5,10,1.286444902420044,145,2801
3743ce3a-7c76-11f1-bc3d-72c976fed59b,SLIM*MIX_oms,SLIM*MIX,0,50,5,0.5,10,0.9985394477844238,69,1937
3743d0ba-7c76-11f1-bc3d-72c976fed59b,SLIM~MIX_oms,SLIM~MIX,0,50,5,0.5,10,0.992839515209198,125,2877
3743d1f0-7c76-11f1-bc3d-72c976fed59b,SLIM+MIX_oms,SLIM+MIX,0,50,5,0.7,1,1.1850910186767578,162,2840
3743d2fe-7c76-11f1-bc3d-72c976fed59b,SLIM*MIX_oms,SLIM*MIX,0,50,5,0.7,1,0.9987573027610779,100,2620
3743d402-7c76-11f1-bc3d-72c976fed59b,SLIM~MIX_oms,SLIM~MIX,0,50,5,0.7,1,0.9910852313041687,155,3433
3743d506-7c76-11f1-bc3d-72c976fed59b,SLIM+MIX_oms,SLIM+MIX,0,50,5,0.7,3,1.1868305206298828,162,3170
3743d63c-7c76-11f1-bc3d-72c976fed59b,SLIM*MIX_oms,SLIM*MIX,0,50,5,0.7,3,0.9986447095870972,67,1781
3743d740-7c76-11f1-bc3d-72c976fed59b,SLIM~MIX_oms,SLIM~MIX,0,50,5,0.7,3,0.9900375604629517,150,2900
3743db96-7c76-11f1-bc3d-72c976fed59b,SLIM+MIX_oms,SLIM+MIX,0,50,5,0.7,5,1.1887768507003784,159,3141
3743dc18-7c76-11f1-bc3d-72c976fed59b,SLIM*MIX_oms,SLIM*MIX,0,50,5,0.7,5,0.9985160827636719,98,2596
3743dc7c-7c76-11f1-bc3d-72c976fed59b,SLIM~MIX_oms,SLIM~MIX,0,50,5,0.7,5,0.9913010001182556,146,3154
3743deb6-7c76-11f1-bc3d-72c976fed59b,SLIM+MIX_oms,SLIM+MIX,0,50,5,0.7,10,1.1876317262649536,152,3274
3743df06-7c76-11f1-bc3d-72c976fed59b,SLIM*MIX_oms,SLIM*MIX,0,50,5,0.7,10,0.9983048439025879,55,1265
3743df4c-7c76-11f1-bc3d-72c976fed59b,SLIM~MIX_oms,SLIM~MIX,0,50,5,0.7,10,0.990976870059967,138,2950
3743dfe2-7c76-11f1-bc3d-72c976fed59b,SLIM+MIX_oms,SLIM+MIX,0,50,10,0.3,1,1.2455273866653442,130,2516
3743e046-7c76-11f1-bc3d-72c976fed59b,SLIM*MIX_oms,SLIM*MIX,0,50,10,0.3,1,0.9984097480773926,48,1078
3743e096-7c76-11f1-bc3d-72c976fed59b,SLIM~MIX_oms,SLIM~MIX,0,50,10,0.3,1,0.9916930794715881,134,2690
3743e0fa-7c76-11f1-bc3d-72c976fed59b,SLIM+MIX_oms,SLIM+MIX,0,50,10,0.3,3,1.2880024909973145,155,2715
3743e140-7c76-11f1-bc3d-72c976fed59b,SLIM*MIX_oms,SLIM*MIX,0,50,10,0.3,3,0.9986814260482788,42,1080
3743e190-7c76-11f1-bc3d-72c976fed59b,SLIM~MIX_oms,SLIM~MIX,0,50,10,0.3,3,0.9925671815872192,125,2633
3743e1d6-7c76-11f1-bc3d-72c976fed59b,SLIM+MIX_oms,SLIM+MIX,0,50,10,0.3,5,1.2902123928070068,144,3060
3743e21c-7c76-11f1-bc3d-72c976fed59b,SLIM*MIX_oms,SLIM*MIX,0,50,10,0.3,5,0.9986397624015808,90,2582
3743e262-7c76-11f1-bc3d-72c976fed59b,SLIM~MIX_oms,SLIM~MIX,0,50,10,0.3,5,0.991788387298584,123,2647
3743e2a8-7c76-11f1-bc3d-72c976fed59b,SLIM+MIX_oms,SLIM+MIX,0,50,10,0.3,10,1.2926958799362183,136,2688
3743e5c8-7c76-11f1-bc3d-72c976fed59b,SLIM*MIX_oms,SLIM*MIX,0,50,10,0.3,10,0.9984713792800903,53,1447
3743e802-7c76-11f1-bc3d-72c976fed59b,SLIM~MIX_oms,SLIM~MIX,0,50,10,0.3,10,0.9928528070449829,123,2815
3743e906-7c76-11f1-bc3d-72c976fed59b,SLIM+MIX_oms,SLIM+MIX,0,50,10,0.5,1,1.1884006261825562,133,2419
3743eaa0-7c76-11f1-bc3d-72c976fed59b,SLIM*MIX_oms,SLIM*MIX,0,50,10,0.5,1,0.9985702633857727,90,2416
3743ec6c-7c76-11f1-bc3d-72c976fed59b,SLIM~MIX_oms,SLIM~MIX,0,50,10,0.5,1,0.9906560182571411,159,3451
3743ed5c-7c76-11f1-bc3d-72c976fed59b,SLIM+MIX_oms,SLIM+MIX,0,50,10,0.5,3,1.1876732110977173,132,2532
3743ee60-7c76-11f1-bc3d-72c976fed59b,SLIM*MIX_oms,SLIM*MIX,0,50,10,0.5,3,0.9984476566314697,71,2005
3743ef96-7c76-11f1-bc3d-72c976fed59b,SLIM~MIX_oms,SLIM~MIX,0,50,10,0.5,3,0.9913713335990906,151,2951
3743f0a4-7c76-11f1-bc3d-72c976fed59b,SLIM+MIX_oms,SLIM+MIX,0,50,10,0.5,5,1.1955631971359253,156,2970
3743f1da-7c76-11f1-bc3d-72c976fed59b,SLIM*MIX_oms,SLIM*MIX,0,50,10,0.5,5,0.99837726354599,91,2425
3743f6da-7c76-11f1-bc3d-72c976fed59b,SLIM~MIX_oms,SLIM~MIX,0,50,10,0.5,5,0.9910779595375061,147,3281
3743f770-7c76-11f1-bc3d-72c976fed59b,SLIM+MIX_oms,SLIM+MIX,0,50,10,0.5,10,1.2450015544891357,150,2988
3743f7c0-7c76-11f1-bc3d-72c976fed59b,SLIM*MIX_oms,SLIM*MIX,0,50,10,0.5,10,0.9982036352157593,99,3107
3743f810-7c76-11f1-bc3d-72c976fed59b,SLIM~MIX_oms,SLIM~MIX,0,50,10,0.5,10,0.9914740920066833,145,2781
3743f8ba-7c76-11f1-bc3d-72c976fed59b,SLIM+MIX_oms,SLIM+MIX,0,50,10,0.7,1,1.2033231258392334,163,2729
3743f90a-7c76-11f1-bc3d-72c976fed59b,SLIM*MIX_oms,SLIM*MIX,0,50,10,0.7,1,0.9985025525093079,125,3617
3743fa40-7c76-11f1-bc3d-72c976fed59b,SLIM~MIX_oms,SLIM~MIX,0,50,10,0.7,1,0.9893743991851807,178,3850
3743fa90-7c76-11f1-bc3d-72c976fed59b,SLIM+MIX_oms,SLIM+MIX,0,50,10,0.7,3,1.206414818763733,178,3446
3743fae0-7c76-11f1-bc3d-72c976fed59b,SLIM*MIX_oms,SLIM*MIX,0,50,10,0.7,3,0.9981316924095154,61,1693
3743fb30-7c76-11f1-bc3d-72c976fed59b,SLIM~MIX_oms,SLIM~MIX,0,50,10,0.7,3,0.9897472858428955,176,3888
3743fb76-7c76-11f1-bc3d-72c976fed59b,SLIM+MIX_oms,SLIM+MIX,0,50,10,0.7,5,1.2066996097564697,182,3468
3743fbbc-7c76-11f1-bc3d-72c976fed59b,SLIM*MIX_oms,SLIM*MIX,0,50,10,0.7,5,0.9982668161392212,75,1681
3743fbf8-7c76-11f1-bc3d-72c976fed59b,SLIM~MIX_oms,SLIM~MIX,0,50,10,0.7,5,0.9903427362442017,180,3996
3743fc3e-7c76-11f1-bc3d-72c976fed59b,SLIM+MIX_oms,SLIM+MIX,0,50,10,0.7,10,1.2383822202682495,171,3153
3743fca2-7c76-11f1-bc3d-72c976fed59b,SLIM*MIX_oms,SLIM*MIX,0,50,10,0.7,10,0.9983471632003784,80,2252
3743fce8-7c76-11f1-bc3d-72c976fed59b,SLIM~MIX_oms,SLIM~MIX,0,50,10,0.7,10,0.9902194142341614,160,3236
3743fd4c-7c76-11f1-bc3d-72c976fed59b,SLIM+MIX_oms,SLIM+MIX,0,100,2,0.3,1,1.2783087491989136,71,1335
3743fd92-7c76-11f1-bc3d-72c976fed59b,SLIM*MIX_oms,SLIM*MIX,0,100,2,0.3,1,0.9985845685005188,17,325
3743fdd8-7c76-11f1-bc3d-72c976fed59b,SLIM~MIX_oms,SLIM~MIX,0,100,2,0.3,1,0.9962658882141113,38,670
3743fe1e-7c76-11f1-bc3d-72c976fed59b,SLIM+MIX_oms,SLIM+MIX,0,100,2,0.3,3,1.2772674560546875,57,1013
3743fe78-7c76-11f1-bc3d-72c976fed59b,SLIM*MIX_oms,SLIM*MIX,0,100,2,0.3,3,0.9985849261283875,23,421
374401f2-7c76-11f1-bc3d-72c976fed59b,SLIM~MIX_oms,SLIM~MIX,0,100,2,0.3,3,0.9958287477493286,43,915
3744026a-7c76-11f1-bc3d-72c976fed59b,SLIM+MIX_oms,SLIM+MIX,0,100,2,0.3,5,1.255994439125061,66,1092
374402ba-7c76-11f1-bc3d-72c976fed59b,SLIM*MIX_oms,SLIM*MIX,0,100,2,0.3,5,0.9987087249755859,36,900
37440300-7c76-11f1-bc3d-72c976fed59b,SLIM~MIX_oms,SLIM~MIX,0,100,2,0.3,5,0.9948395490646362,56,1050
37440346-7c76-11f1-bc3d-72c976fed59b,SLIM+MIX_oms,SLIM+MIX,0,100,2,0.3,10,1.259727120399475,67,1345
3744038c-7c76-11f1-bc3d-72c976fed59b,SLIM*MIX_oms,SLIM*MIX,0,100,2,0.3,10,0.9990821480751038,48,1128
374403d2-7c76-11f1-bc3d-72c976fed59b,SLIM~MIX_oms,SLIM~MIX,0,100,2,0.3,10,0.9947940707206726,44,974
37440418-7c76-11f1-bc3d-72c976fed59b,SLIM+MIX_oms,SLIM+MIX,0,100,2,0.5,1,1.2480823993682861,116,2542
37440472-7c76-11f1-bc3d-72c976fed59b,SLIM*MIX_oms,SLIM*MIX,0,100,2,0.5,1,0.9983806610107422,26,544
374404b8-7c76-11f1-bc3d-72c976fed59b,SLIM~MIX_oms,SLIM~MIX,0,100,2,0.5,1,0.9939895272254944,83,1603
374404fe-7c76-11f1-bc3d-72c976fed59b,SLIM+MIX_oms,SLIM+MIX,0,100,2,0.5,3,1.2487715482711792,79,1319
37440544-7c76-11f1-bc3d-72c976fed59b,SLIM*MIX_oms,SLIM*MIX,0,100,2,0.5,3,0.9984977841377258,34,556
374405a8-7c76-11f1-bc3d-72c976fed59b,SLIM~MIX_oms,SLIM~MIX,0,100,2,0.5,3,0.9938807487487793,81,1897
374405f8-7c76-11f1-bc3d-72c976fed59b,SLIM+MIX_oms,SLIM+MIX,0,100,2,0.5,5,1.2604880332946777,103,1997
3744063e-7c76-11f1-bc3d-72c976fed59b,SLIM*MIX_oms,SLIM*MIX,0,100,2,0.5,5,0.9983267784118652,56,1090
374406a2-7c76-11f1-bc3d-72c976fed59b,SLIM~MIX_oms,SLIM~MIX,0,100,2,0.5,5,0.9937471151351929,90,1748
37441d4a-7c76-11f1-bc3d-72c976fed59b,SLIM+MIX_oms,SLIM+MIX,0,100,2,0.5,10,1.247435450553894,103,1975
37441db8-7c76-11f1-bc3d-72c976fed59b,SLIM*MIX_oms,SLIM*MIX,0,100,2,0.5,10,0.9983921647071838,46,1108
37441ed0-7c76-11f1-bc3d-72c976fed59b,SLIM~MIX_oms,SLIM~MIX,0,100,2,0.5,10,0.9937466382980347,79,1401
37441f20-7c76-11f1-bc3d-72c976fed59b,SLIM+MIX_oms,SLIM+MIX,0,100,2,0.7,1,1.2420079708099365,136,2614
37441f70-7c76-11f1-bc3d-72c976fed59b,SLIM*MIX_oms,SLIM*MIX,0,100,2,0.7,1,0.9983322620391846,59,1363
37441fb6-7c76-11f1-bc3d-72c976fed59b,SLIM~MIX_oms,SLIM~MIX,0,100,2,0.7,1,0.9931542873382568,109,2465
37441ffc-7c76-11f1-bc3d-72c976fed59b,SLIM+MIX_oms,SLIM+MIX,0,100,2,0.7,3,1.2440383434295654,131,2681
37442056-7c76-11f1-bc3d-72c976fed59b,SLIM*MIX_oms,SLIM*MIX,0,100,2,0.7,3,0.9983391165733337,55,1093
374420a6-7c76-11f1-bc3d-72c976fed59b,SLIM~MIX_oms,SLIM~MIX,0,100,2,0.7,3,0.9931616187095642,116,2636
374420ec-7c76-11f1-bc3d-72c976fed59b,SLIM+MIX_oms,SLIM+MIX,0,100,2,0.7,5,1.2424789667129517,120,2418
37442132-7c76-11f1-bc3d-72c976fed59b,SLIM*MIX_oms,SLIM*MIX,0,100,2,0.7,5,0.9981659650802612,38,788
37442182-7c76-11f1-bc3d-72c976fed59b,SLIM~MIX_oms,SLIM~MIX,0,100,2,0.7,5,0.9925057291984558,114,2514
37442434-7c76-11f1-bc3d-72c976fed59b,SLIM+MIX_oms,SLIM+MIX,0,100,2,0.7,10,1.2435721158981323,117,2259
374424a2-7c76-11f1-bc3d-72c976fed59b,SLIM*MIX_oms,SLIM*MIX,0,100,2,0.7,10,0.9974179863929749,36,728
374424e8-7c76-11f1-bc3d-72c976fed59b,SLIM~MIX_oms,SLIM~MIX,0,100,2,0.7,10,0.9929736256599426,119,2537
3744254c-7c76-11f1-bc3d-72c976fed59b,SLIM+MIX_oms,SLIM+MIX,0,100,5,0.3,1,1.092446208000183,94,1786
37442592-7c76-11f1-bc3d-72c976fed59b,SLIM*MIX_oms,SLIM*MIX,0,100,5,0.3,1,0.9985741376876831,44,1144
374425d8-7c76-11f1-bc3d-72c976fed59b,SLIM~MIX_oms,SLIM~MIX,0,100,5,0.3,1,0.9926027059555054,91,2387
3744261e-7c76-11f1-bc3d-72c976fed59b,SLIM+MIX_oms,SLIM+MIX,0,100,5,0.3,3,1.2611843347549438,118,2120
37442682-7c76-11f1-bc3d-72c976fed59b,SLIM*MIX_oms,SLIM*MIX,0,100,5,0.3,3,0.9983201622962952,37,749
374426d2-7c76-11f1-bc3d-72c976fed59b,SLIM~MIX_oms,SLIM~MIX,0,100,5,0.3,3,0.9925023317337036,80,1458
37442718-7c76-11f1-bc3d-72c976fed59b,SLIM+MIX_oms,SLIM+MIX,0,100,5,0.3,5,1.1586017608642578,114,2028
3744275e-7c76-11f1-bc3d-72c976fed59b,SLIM*MIX_oms,SLIM*MIX,0,100,5,0.3,5,0.9982805848121643,37,815
374427c2-7c76-11f1-bc3d-72c976fed59b,SLIM~MIX_oms,SLIM~MIX,0,100,5,0.3,5,0.9924100041389465,97,2335
37442812-7c76-11f1-bc3d-72c976fed59b,SLIM+MIX_oms,SLIM+MIX,0,100,5,0.3,10,1.0938606262207031,88,1642
37442858-7c76-11f1-bc3d-72c976fed59b,SLIM*MIX_oms,SLIM*MIX,0,100,5,0.3,10,0.9983900785446167,37,1037
3744289e-7c76-11f1-bc3d-72c976fed59b,SLIM~MIX_oms,SLIM~MIX,0,100,5,0.3,10,0.9923588633537292,88,2182
374428e4-7c76-11f1-bc3d-72c976fed59b,SLIM+MIX_oms,SLIM+MIX,0,100,5,0.5,1,1.2349426746368408,150,2702
3744292a-7c76-11f1-bc3d-72c976fed59b,SLIM*MIX_oms,SLIM*MIX,0,100,5,0.5,1,0.9985533356666565,73,2303
37442970-7c76-11f1-bc3d-72c976fed59b,SLIM~MIX_oms,SLIM~MIX,0,100,5,0.5,1,0.9915459752082825,126,2320
374429b6-7c76-11f1-bc3d-72c976fed59b,SLIM+MIX_oms,SLIM+MIX,0,100,5,0.5,3,1.1328904628753662,138,2472
37442a24-7c76-11f1-bc3d-72c976fed59b,SLIM*MIX_oms,SLIM*MIX,0,100,5,0.5,3,0.9983898401260376,55,1155
37442a74-7c76-11f1-bc3d-72c976fed59b,SLIM~MIX_oms,SLIM~MIX,0,100,5,0.5,3,0.9911358952522278,101,1973
37442ace-7c76-11f1-bc3d-72c976fed59b,SLIM+MIX_oms,SLIM+MIX,0,100,5,0.5,5,1.2429529428482056,135,2637
37442b14-7c76-11f1-bc3d-72c976fed59b,SLIM*MIX_oms,SLIM*MIX,0,100,5,0.5,5,0.9984462261199951,63,1489
37442b64-7c76-11f1-bc3d-72c976fed59b,SLIM~MIX_oms,SLIM~MIX,0,100,5,0.5,5,0.9914750456809998,119,2475
37442baa-7c76-11f1-bc3d-72c976fed59b,SLIM+MIX_oms,SLIM+MIX,0,100,5,0.5,10,1.229820728302002,131,2055
37442bf0-7c76-11f1-bc3d-72c976fed59b,SLIM*MIX_oms,SLIM*MIX,0,100,5,0.5,10,0.9981852173805237,60,1526
37442c36-7c76-11f1-bc3d-72c976fed59b,SLIM~MIX_oms,SLIM~MIX,0,100,5,0.5,10,0.9910596013069153,111,2197
37442c7c-7c76-11f1-bc3d-72c976fed59b,SLIM+MIX_oms,SLIM+MIX,0,100,5,0.7,1,1.119404673576355,140,2974
37442cd6-7c76-11f1-bc3d-72c976fed59b,SLIM*MIX_oms,SLIM*MIX,0,100,5,0.7,1,0.9982622861862183,51,1393
37442dee-7c76-11f1-bc3d-72c976fed59b,SLIM~MIX_oms,SLIM~MIX,0,100,5,0.7,1,0.9904264807701111,153,3001
37442e3e-7c76-11f1-bc3d-72c976fed59b,SLIM+MIX_oms,SLIM+MIX,0,100,5,0.7,3,1.093220829963684,145,2971
37442ea2-7c76-11f1-bc3d-72c976fed59b,SLIM*MIX_oms,SLIM*MIX,0,100,5,0.7,3,0.9983003735542297,82,2366
37442ee8-7c76-11f1-bc3d-72c976fed59b,SLIM~MIX_oms,SLIM~MIX,0,100,5,0.7,3,0.9900074601173401,153,3335
37442f2e-7c76-11f1-bc3d-72c976fed59b,SLIM+MIX_oms,SLIM+MIX,0,100,5,0.7,5,1.0942387580871582,134,2720
37442f74-7c76-11f1-bc3d-72c976fed59b,SLIM*MIX_oms,SLIM*MIX,0,100,5,0.7,5,0.9980413317680359,73,1609
37442fc4-7c76-11f1-bc3d-72c976fed59b,SLIM~MIX_oms,SLIM~MIX,0,100,5,0.7,5,0.9901813864707947,142,3186
37443014-7c76-11f1-bc3d-72c976fed59b,SLIM+MIX_oms,SLIM+MIX,0,100,5,0.7,10,1.0942509174346924,129,2161
3744305a-7c76-11f1-bc3d-72c976fed59b,SLIM*MIX_oms,SLIM*MIX,0,100,5,0.7,10,0.9978972673416138,81,2583
374430b4-7c76-11f1-bc3d-72c976fed59b,SLIM~MIX_oms,SLIM~MIX,0,100,5,0.7,10,0.9904708862304688,147,3183
37443118-7c76-11f1-bc3d-72c976fed59b,SLIM+MIX_oms,SLIM+MIX,0,100,10,0.3,1,1.252098798751831,142,2526
3744315e-7c76-11f1-bc3d-72c976fed59b,SLIM*MIX_oms,SLIM*MIX,0,100,10,0.3,1,0.9983992576599121,53,1113
374431a4-7c76-11f1-bc3d-72c976fed59b,SLIM~MIX_oms,SLIM~MIX,0,100,10,0.3,1,0.9920456409454346,130,2914
374431ea-7c76-11f1-bc3d-72c976fed59b,SLIM+MIX_oms,SLIM+MIX,0,100,10,0.3,3,1.2493038177490234,149,2755
37443230-7c76-11f1-bc3d-72c976fed59b,SLIM*MIX_oms,SLIM*MIX,0,100,10,0.3,3,0.9984713196754456,54,1150
37443276-7c76-11f1-bc3d-72c976fed59b,SLIM~MIX_oms,SLIM~MIX,0,100,10,0.3,3,0.9914047718048096,108,2430
374432d0-7c76-11f1-bc3d-72c976fed59b,SLIM+MIX_oms,SLIM+MIX,0,100,10,0.3,5,1.2560710906982422,155,3151
37443316-7c76-11f1-bc3d-72c976fed59b,SLIM*MIX_oms,SLIM*MIX,0,100,10,0.3,5,0.9979657530784607,65,1629
374433b6-7c76-11f1-bc3d-72c976fed59b,SLIM~MIX_oms,SLIM~MIX,0,100,10,0.3,5,0.9907137155532837,114,2362
37443410-7c76-11f1-bc3d-72c976fed59b,SLIM+MIX_oms,SLIM+MIX,0,100,10,0.3,10,1.2571641206741333,144,2638
37443456-7c76-11f1-bc3d-72c976fed59b,SLIM*MIX_oms,SLIM*MIX,0,100,10,0.3,10,0.9977228045463562,42,1030
3744349c-7c76-11f1-bc3d-72c976fed59b,SLIM~MIX_oms,SLIM~MIX,0,100,10,0.3,10,0.9915897250175476,104,2080
374434e2-7c76-11f1-bc3d-72c976fed59b,SLIM+MIX_oms,SLIM+MIX,0,100,10,0.5,1,1.2003980875015259,149,2907
37443528-7c76-11f1-bc3d-72c976fed59b,SLIM*MIX_oms,SLIM*MIX,0,100,10,0.5,1,0.9982786774635315,74,1870
37443578-7c76-11f1-bc3d-72c976fed59b,SLIM~MIX_oms,SLIM~MIX,0,100,10,0.5,1,0.9895539283752441,153,3077
374435d2-7c76-11f1-bc3d-72c976fed59b,SLIM+MIX_oms,SLIM+MIX,0,100,10,0.5,3,1.197000503540039,161,3019
3744362c-7c76-11f1-bc3d-72c976fed59b,SLIM*MIX_oms,SLIM*MIX,0,100,10,0.5,3,0.9985231161117554,111,3071
37443672-7c76-11f1-bc3d-72c976fed59b,SLIM~MIX_oms,SLIM~MIX,0,100,10,0.5,3,0.989919126033783,146,2828
374436b8-7c76-11f1-bc3d-72c976fed59b,SLIM+MIX_oms,SLIM+MIX,0,100,10,0.5,5,1.1983624696731567,158,3240
374436fe-7c76-11f1-bc3d-72c976fed59b,SLIM*MIX_oms,SLIM*MIX,0,100,10,0.5,5,0.9984064102172852,75,2173
37443744-7c76-11f1-bc3d-72c976fed59b,SLIM~MIX_oms,SLIM~MIX,0,100,10,0.5,5,0.990225076675415,141,3081
3744378a-7c76-11f1-bc3d-72c976fed59b,SLIM+MIX_oms,SLIM+MIX,0,100,10,0.5,10,1.1601482629776,151,2631
374437d0-7c76-11f1-bc3d-72c976fed59b,SLIM*MIX_oms,SLIM*MIX,0,100,10,0.5,10,0.9982898831367493,55,1227
37443834-7c76-11f1-bc3d-72c976fed59b,SLIM~MIX_oms,SLIM~MIX,0,100,10,0.5,10,0.9895511865615845,147,3121
37443884-7c76-11f1-bc3d-72c976fed59b,SLIM+MIX_oms,SLIM+MIX,0,100,10,0.7,1,1.0967299938201904,181,3347
374438ca-7c76-11f1-bc3d-72c976fed59b,SLIM*MIX_oms,SLIM*MIX,0,100,10,0.7,1,0.9981887340545654,69,2161
37443910-7c76-11f1-bc3d-72c976fed59b,SLIM~MIX_oms,SLIM~MIX,0,100,10,0.7,1,0.9891160726547241,176,3610
37443960-7c76-11f1-bc3d-72c976fed59b,SLIM+MIX_oms,SLIM+MIX,0,100,10,0.7,3,1.114133596420288,166,3192
374439ba-7c76-11f1-bc3d-72c976fed59b,SLIM*MIX_oms,SLIM*MIX,0,100,10,0.7,3,0.9982362985610962,107,2507
37443abe-7c76-11f1-bc3d-72c976fed59b,SLIM~MIX_oms,SLIM~MIX,0,100,10,0.7,3,0.988926887512207,170,3762
37443b04-7c76-11f1-bc3d-72c976fed59b,SLIM+MIX_oms,SLIM+MIX,0,100,10,0.7,5,1.1147668361663818,173,3111
37443b68-7c76-11f1-bc3d-72c976fed59b,SLIM*MIX_oms,SLIM*MIX,0,100,10,0.7,5,0.997911274433136,68,1994
4db0414e-7ba3-11f1-8013-2c7ba0e6fa90,SLIM~MIX_oms,SLIM~MIX,0,50,2,0.3,5,0.9959396719932556,49,877
5cd0c425-7ba9-11f1-ab7c-2c7ba0e6fa90,SLIM*MIX_oms,SLIM*MIX,0,50,2,0.5,5,0.9987145662307739,37,849
6965a98d-7e88-11f1-9e20-2c7ba0e6fa90,SLIM~MIX_oms,SLIM~MIX,0,100,10,0.7,5,0.9888323545455933,175,3827
6966c9ba-7e88-11f1-96dd-2c7ba0e6fa90,SLIM+MIX_oms,SLIM+MIX,0,100,10,0.7,10,1.103851318359375,163,2709
6966c9bb-7e88-11f1-9110-2c7ba0e6fa90,SLIM*MIX_oms,SLIM*MIX,0,100,10,0.7,10,0.9983392357826233,105,2295
6966c9bc-7e88-11f1-83a1-2c7ba0e6fa90,SLIM~MIX_oms,SLIM~MIX,0,100,10,0.7,10,0.9894563555717468,162,3434
6966c9bd-7e88-11f1-a974-2c7ba0e6fa90,SLIM+MIX_oms,SLIM+MIX,0,200,2,0.3,1,1.186556339263916,45,839
6966c9be-7e88-11f1-9dc0-2c7ba0e6fa90,SLIM*MIX_oms,SLIM*MIX,0,200,2,0.3,1,0.9986612796783447,23,577
6966c9bf-7e88-11f1-b189-2c7ba0e6fa90,SLIM~MIX_oms,SLIM~MIX,0,200,2,0.3,1,0.9949841499328613,33,591
6966c9c0-7e88-11f1-bf79-2c7ba0e6fa90,SLIM+MIX_oms,SLIM+MIX,0,200,2,0.3,3,1.108514666557312,50,852
6966c9c1-7e88-11f1-810c-2c7ba0e6fa90,SLIM*MIX_oms,SLIM*MIX,0,200,2,0.3,3,0.9984585046768188,26,512
6966c9c2-7e88-11f1-a5e4-2c7ba0e6fa90,SLIM~MIX_oms,SLIM~MIX,0,200,2,0.3,3,0.9947446584701538,48,696
6966c9c3-7e88-11f1-92a6-2c7ba0e6fa90,SLIM+MIX_oms,SLIM+MIX,0,200,2,0.3,5,1.1185011863708496,50,790
6966c9c4-7e88-11f1-b913-2c7ba0e6fa90,SLIM*MIX_oms,SLIM*MIX,0,200,2,0.3,5,0.9980462789535522,16,410
6966c9c5-7e88-11f1-b1b2-2c7ba0e6fa90,SLIM~MIX_oms,SLIM~MIX,0,200,2,0.3,5,0.9951466917991638,52,1124
6966c9c6-7e88-11f1-8221-2c7ba0e6fa90,SLIM+MIX_oms,SLIM+MIX,0,200,2,0.3,10,1.121295690536499,60,982
6966c9c7-7e88-11f1-9673-2c7ba0e6fa90,SLIM*MIX_oms,SLIM*MIX,0,200,2,0.3,10,0.9982451796531677,23,453
6966c9c8-7e88-11f1-933d-2c7ba0e6fa90,SLIM~MIX_oms,SLIM~MIX,0,200,2,0.3,10,0.9940468072891235,62,1222
6966c9c9-7e88-11f1-95d9-2c7ba0e6fa90,SLIM+MIX_oms,SLIM+MIX,0,200,2,0.5,1,1.0708192586898804,67,1339
6966c9ca-7e88-11f1-9412-2c7ba0e6fa90,SLIM*MIX_oms,SLIM*MIX,0,200,2,0.5,1,0.9985877871513367,43,1357
6966c9cb-7e88-11f1-be97-2c7ba0e6fa90,SLIM~MIX_oms,SLIM~MIX,0,200,2,0.5,1,0.9937044978141785,78,1546
6966c9cc-7e88-11f1-a635-2c7ba0e6fa90,SLIM+MIX_oms,SLIM+MIX,0,200,2,0.5,3,1.0691460371017456,52,1100
6966c9cd-7e88-11f1-9ca6-2c7ba0e6fa90,SLIM*MIX_oms,SLIM*MIX,0,200,2,0.5,3,0.9982480406761169,32,550
6966c9ce-7e88-11f1-90e0-2c7ba0e6fa90,SLIM~MIX_oms,SLIM~MIX,0,200,2,0.5,3,0.9936323165893555,82,1456
6966c9cf-7e88-11f1-9099-2c7ba0e6fa90,SLIM+MIX_oms,SLIM+MIX,0,200,2,0.5,5,1.0546374320983887,82,1558
6966c9d0-7e88-11f1-980e-2c7ba0e6fa90,SLIM*MIX_oms,SLIM*MIX,0,200,2,0.5,5,0.9985299110412598,55,1111
6966c9d1-7e88-11f1-a337-2c7ba0e6fa90,SLIM~MIX_oms,SLIM~MIX,0,200,2,0.5,5,0.9937641620635986,79,1563
6966c9d2-7e88-11f1-b0ea-2c7ba0e6fa90,SLIM+MIX_oms,SLIM+MIX,0,200,2,0.5,10,1.0945115089416504,84,1704
6966c9d3-7e88-11f1-823f-2c7ba0e6fa90,SLIM*MIX_oms,SLIM*MIX,0,200,2,0.5,10,0.9983768463134766,40,854
6966c9d4-7e88-11f1-8ca2-2c7ba0e6fa90,SLIM~MIX_oms,SLIM~MIX,0,200,2,0.5,10,0.9932419061660767,77,1547
6966c9d5-7e88-11f1-92d7-2c7ba0e6fa90,SLIM+MIX_oms,SLIM+MIX,0,200,2,0.7,1,1.080708622932434,133,2523
6966c9d6-7e88-11f1-b1d3-2c7ba0e6fa90,SLIM*MIX_oms,SLIM*MIX,0,200,2,0.7,1,0.9983388781547546,47,887
6966c9d7-7e88-11f1-8725-2c7ba0e6fa90,SLIM~MIX_oms,SLIM~MIX,0,200,2,0.7,1,0.9931036233901978,119,2495
6966c9d8-7e88-11f1-a58b-2c7ba0e6fa90,SLIM+MIX_oms,SLIM+MIX,0,200,2,0.7,3,1.0648761987686157,107,1961
6966c9d9-7e88-11f1-ad2a-2c7ba0e6fa90,SLIM*MIX_oms,SLIM*MIX,0,200,2,0.7,3,0.9983218908309937,58,1386
6966c9da-7e88-11f1-b751-2c7ba0e6fa90,SLIM~MIX_oms,SLIM~MIX,0,200,2,0.7,3,0.9923871159553528,123,2637
6966c9db-7e88-11f1-a977-2c7ba0e6fa90,SLIM+MIX_oms,SLIM+MIX,0,200,2,0.7,5,1.0677717924118042,107,1919
6966c9dc-7e88-11f1-b999-2c7ba0e6fa90,SLIM*MIX_oms,SLIM*MIX,0,200,2,0.7,5,0.998461127281189,55,1351
6966c9dd-7e88-11f1-affc-2c7ba0e6fa90,SLIM~MIX_oms,SLIM~MIX,0,200,2,0.7,5,0.9930075407028198,110,2332
69a8442f-7ba2-11f1-9fbf-2c7ba0e6fa90,SLIM+MIX_oms,SLIM+MIX,0,50,2,0.3,5,1.2872049808502197,57,917
6b0f793e-7ba8-11f1-a489-2c7ba0e6fa90,SLIM~MIX_oms,SLIM~MIX,0,50,2,0.5,3,0.9950298070907593,78,1662
70731afa-7ba9-11f1-96d0-2c7ba0e6fa90,SLIM~MIX_oms,SLIM~MIX,0,50,2,0.5,5,0.9952746629714966,90,1646
7509fbad-7e98-11f1-a92a-2c7ba0e6fa90,SLIM+MIX_oms,SLIM+MIX,0,200,2,0.7,10,1.0620664358139038,127,2955
7509fbae-7e98-11f1-8fde-2c7ba0e6fa90,SLIM*MIX_oms,SLIM*MIX,0,200,2,0.7,10,0.9983123540878296,48,1220
7509fbaf-7e98-11f1-85fd-2c7ba0e6fa90,SLIM~MIX_oms,SLIM~MIX,0,200,2,0.7,10,0.9926233887672424,120,2592
7509fbb0-7e98-11f1-bbb3-2c7ba0e6fa90,SLIM+MIX_oms,SLIM+MIX,0,200,5,0.3,1,1.0471497774124146,74,1276
7509fbb1-7e98-11f1-aacb-2c7ba0e6fa90,SLIM*MIX_oms,SLIM*MIX,0,200,5,0.3,1,0.9981897473335266,33,799
7509fbb2-7e98-11f1-aaad-2c7ba0e6fa90,SLIM~MIX_oms,SLIM~MIX,0,200,5,0.3,1,0.9924971461296082,82,1490
7509fbb3-7e98-11f1-ad88-2c7ba0e6fa90,SLIM+MIX_oms,SLIM+MIX,0,200,5,0.3,3,1.0830013751983643,84,1502
7509fbb4-7e98-11f1-b15d-2c7ba0e6fa90,SLIM*MIX_oms,SLIM*MIX,0,200,5,0.3,3,0.9986947178840637,49,1437
7509fbb5-7e98-11f1-b75a-2c7ba0e6fa90,SLIM~MIX_oms,SLIM~MIX,0,200,5,0.3,3,0.9925196170806885,85,1597
7509fbb6-7e98-11f1-9c5a-2c7ba0e6fa90,SLIM+MIX_oms,SLIM+MIX,0,200,5,0.3,5,1.0497632026672363,97,2131
7509fbb7-7e98-11f1-b659-2c7ba0e6fa90,SLIM*MIX_oms,SLIM*MIX,0,200,5,0.3,5,0.9980984330177307,37,589
7509fbb8-7e98-11f1-940e-2c7ba0e6fa90,SLIM~MIX_oms,SLIM~MIX,0,200,5,0.3,5,0.9923399686813354,88,1820
7509fbb9-7e98-11f1-9087-2c7ba0e6fa90,SLIM+MIX_oms,SLIM+MIX,0,200,5,0.3,10,1.0912213325500488,90,1438
7509fbba-7e98-11f1-bf85-2c7ba0e6fa90,SLIM*MIX_oms,SLIM*MIX,0,200,5,0.3,10,0.998234212398529,34,592
7509fbbb-7e98-11f1-8233-2c7ba0e6fa90,SLIM~MIX_oms,SLIM~MIX,0,200,5,0.3,10,0.9924376606941223,93,2021
7509fbbc-7e98-11f1-b72a-2c7ba0e6fa90,SLIM+MIX_oms,SLIM+MIX,0,200,5,0.5,1,1.0610668659210205,130,2426
7509fbbd-7e98-11f1-82b8-2c7ba0e6fa90,SLIM*MIX_oms,SLIM*MIX,0,200,5,0.5,1,0.9981405735015869,48,1498
7509fbbe-7e98-11f1-b97f-2c7ba0e6fa90,SLIM~MIX_oms,SLIM~MIX,0,200,5,0.5,1,0.9912638664245605,107,1981
7509fbbf-7e98-11f1-b996-2c7ba0e6fa90,SLIM+MIX_oms,SLIM+MIX,0,200,5,0.5,3,1.0736610889434814,114,1946
7509fbc0-7e98-11f1-b6fd-2c7ba0e6fa90,SLIM*MIX_oms,SLIM*MIX,0,200,5,0.5,3,0.9979265928268433,38,1090
7509fbc1-7e98-11f1-8a41-2c7ba0e6fa90,SLIM~MIX_oms,SLIM~MIX,0,200,5,0.5,3,0.9912482500076294,133,2605
7509fbc2-7e98-11f1-9a0f-2c7ba0e6fa90,SLIM+MIX_oms,SLIM+MIX,0,200,5,0.5,5,1.077258586883545,95,1559
7509fbc3-7e98-11f1-a836-2c7ba0e6fa90,SLIM*MIX_oms,SLIM*MIX,0,200,5,0.5,5,0.9978632926940918,44,974
7509fbc4-7e98-11f1-b983-2c7ba0e6fa90,SLIM~MIX_oms,SLIM~MIX,0,200,5,0.5,5,0.9914084672927856,123,2325
7509fbc5-7e98-11f1-ba59-2c7ba0e6fa90,SLIM+MIX_oms,SLIM+MIX,0,200,5,0.5,10,1.1107208728790283,116,2466
7509fbc6-7e98-11f1-a7b7-2c7ba0e6fa90,SLIM*MIX_oms,SLIM*MIX,0,200,5,0.5,10,0.9985090494155884,49,1169
7509fbc7-7e98-11f1-947e-2c7ba0e6fa90,SLIM~MIX_oms,SLIM~MIX,0,200,5,0.5,10,0.9914636611938477,123,2475
7509fbc8-7e98-11f1-9ec3-2c7ba0e6fa90,SLIM+MIX_oms,SLIM+MIX,0,200,5,0.7,1,1.0614073276519775,139,2733
7509fbc9-7e98-11f1-9c52-2c7ba0e6fa90,SLIM*MIX_oms,SLIM*MIX,0,200,5,0.7,1,0.9981709122657776,90,2270
7509fbca-7e98-11f1-b723-2c7ba0e6fa90,SLIM~MIX_oms,SLIM~MIX,0,200,5,0.7,1,0.9897752404212952,147,3399
7509fbcb-7e98-11f1-9c29-2c7ba0e6fa90,SLIM+MIX_oms,SLIM+MIX,0,200,5,0.7,3,1.0746513605117798,141,2707
7509fbcc-7e98-11f1-9128-2c7ba0e6fa90,SLIM*MIX_oms,SLIM*MIX,0,200,5,0.7,3,0.9977442622184753,50,1088
7509fbcd-7e98-11f1-901f-2c7ba0e6fa90,SLIM~MIX_oms,SLIM~MIX,0,200,5,0.7,3,0.9897071123123169,147,3079
7509fbce-7e98-11f1-afc4-2c7ba0e6fa90,SLIM+MIX_oms,SLIM+MIX,0,200,5,0.7,5,1.0852385759353638,154,2788
7509fbcf-7e98-11f1-91ba-2c7ba0e6fa90,SLIM*MIX_oms,SLIM*MIX,0,200,5,0.7,5,0.9977607131004333,39,805
7509fbd0-7e98-11f1-bc1e-2c7ba0e6fa90,SLIM~MIX_oms,SLIM~MIX,0,200,5,0.7,5,0.9900872111320496,139,3043
7509fbd1-7e98-11f1-a225-2c7ba0e6fa90,SLIM+MIX_oms,SLIM+MIX,0,200,5,0.7,10,1.0553414821624756,136,2384
7509fbd2-7e98-11f1-834f-2c7ba0e6fa90,SLIM*MIX_oms,SLIM*MIX,0,200,5,0.7,10,0.998151421546936,54,1470
7509fbd3-7e98-11f1-ab1b-2c7ba0e6fa90,SLIM~MIX_oms,SLIM~MIX,0,200,5,0.7,10,0.9904235005378723,140,2798
7509fbd4-7e98-11f1-b501-2c7ba0e6fa90,SLIM+MIX_oms,SLIM+MIX,0,200,10,0.3,1,1.1066910028457642,112,1846
7509fbd5-7e98-11f1-983e-2c7ba0e6fa90,SLIM*MIX_oms,SLIM*MIX,0,200,10,0.3,1,0.998624324798584,55,1443
7509fbd6-7e98-11f1-a9cf-2c7ba0e6fa90,SLIM~MIX_oms,SLIM~MIX,0,200,10,0.3,1,0.9915043115615845,124,2444
7509fbd7-7e98-11f1-9353-2c7ba0e6fa90,SLIM+MIX_oms,SLIM+MIX,0,200,10,0.3,3,1.1178672313690186,112,2102
7509fbd8-7e98-11f1-b981-2c7ba0e6fa90,SLIM*MIX_oms,SLIM*MIX,0,200,10,0.3,3,0.9983542561531067,52,1348
7509fbd9-7e98-11f1-a2da-2c7ba0e6fa90,SLIM~MIX_oms,SLIM~MIX,0,200,10,0.3,3,0.9909461140632629,117,2535
7509fbda-7e98-11f1-ae94-2c7ba0e6fa90,SLIM+MIX_oms,SLIM+MIX,0,200,10,0.3,5,1.1217526197433472,127,2043
7509fbdb-7e98-11f1-bd3a-2c7ba0e6fa90,SLIM*MIX_oms,SLIM*MIX,0,200,10,0.3,5,0.9979900121688843,56,1298
7509fbdc-7e98-11f1-8237-2c7ba0e6fa90,SLIM~MIX_oms,SLIM~MIX,0,200,10,0.3,5,0.991141140460968,120,2244
7509fbdd-7e98-11f1-9c36-2c7ba0e6fa90,SLIM+MIX_oms,SLIM+MIX,0,200,10,0.3,10,1.0959633588790894,100,1558
7509fbde-7e98-11f1-99ef-2c7ba0e6fa90,SLIM*MIX_oms,SLIM*MIX,0,200,10,0.3,10,0.9980476498603821,61,1321
7509fbdf-7e98-11f1-991d-2c7ba0e6fa90,SLIM~MIX_oms,SLIM~MIX,0,200,10,0.3,10,0.990898072719574,122,2372
7509fbe0-7e98-11f1-87c9-2c7ba0e6fa90,SLIM+MIX_oms,SLIM+MIX,0,200,10,0.5,1,1.0912866592407227,149,2565
7509fbe1-7e98-11f1-a332-2c7ba0e6fa90,SLIM*MIX_oms,SLIM*MIX,0,200,10,0.5,1,0.9983714818954468,57,1693
7509fbe2-7e98-11f1-8aa3-2c7ba0e6fa90,SLIM~MIX_oms,SLIM~MIX,0,200,10,0.5,1,0.9900164604187012,143,2693
7509fbe3-7e98-11f1-856d-2c7ba0e6fa90,SLIM+MIX_oms,SLIM+MIX,0,200,10,0.5,3,1.0986950397491455,141,2327
7509fbe4-7e98-11f1-8bb9-2c7ba0e6fa90,SLIM*MIX_oms,SLIM*MIX,0,200,10,0.5,3,0.9977096915245056,51,897
7509fbe5-7e98-11f1-a499-2c7ba0e6fa90,SLIM~MIX_oms,SLIM~MIX,0,200,10,0.5,3,0.9897332191467285,140,2954
7509fbe6-7e98-11f1-b151-2c7ba0e6fa90,SLIM+MIX_oms,SLIM+MIX,0,200,10,0.5,5,1.0704128742218018,146,2856
7509fbe7-7e98-11f1-9de9-2c7ba0e6fa90,SLIM*MIX_oms,SLIM*MIX,0,200,10,0.5,5,0.9982239007949829,69,1595
7509fbe8-7e98-11f1-bf84-2c7ba0e6fa90,SLIM~MIX_oms,SLIM~MIX,0,200,10,0.5,5,0.9901449084281921,132,2582
7509fbe9-7e98-11f1-9130-2c7ba0e6fa90,SLIM+MIX_oms,SLIM+MIX,0,200,10,0.5,10,1.0892690420150757,144,2566
7509fbea-7e98-11f1-81a7-2c7ba0e6fa90,SLIM*MIX_oms,SLIM*MIX,0,200,10,0.5,10,0.9981750845909119,75,1525
7509fbeb-7e98-11f1-b4ec-2c7ba0e6fa90,SLIM~MIX_oms,SLIM~MIX,0,200,10,0.5,10,0.9900491237640381,150,2742
7509fbec-7e98-11f1-b657-2c7ba0e6fa90,SLIM+MIX_oms,SLIM+MIX,0,200,10,0.7,1,1.0610711574554443,169,2751
7509fbed-7e98-11f1-b391-2c7ba0e6fa90,SLIM*MIX_oms,SLIM*MIX,0,200,10,0.7,1,0.9978737235069275,84,1894
7509fbee-7e98-11f1-a372-2c7ba0e6fa90,SLIM~MIX_oms,SLIM~MIX,0,200,10,0.7,1,0.9888535141944885,167,2923
7509fbef-7e98-11f1-929f-2c7ba0e6fa90,SLIM+MIX_oms,SLIM+MIX,0,200,10,0.7,3,1.0672844648361206,168,3010
7509fbf0-7e98-11f1-bbd2-2c7ba0e6fa90,SLIM*MIX_oms,SLIM*MIX,0,200,10,0.7,3,0.9981994032859802,103,2825
7509fbf1-7e98-11f1-a5f5-2c7ba0e6fa90,SLIM~MIX_oms,SLIM~MIX,0,200,10,0.7,3,0.9886572957038879,168,3372
7509fbf2-7e98-11f1-a68d-2c7ba0e6fa90,SLIM+MIX_oms,SLIM+MIX,0,200,10,0.7,5,1.0699732303619385,171,2945
7509fbf3-7e98-11f1-9b4b-2c7ba0e6fa90,SLIM*MIX_oms,SLIM*MIX,0,200,10,0.7,5,0.997864842414856,74,1896
7509fbf4-7e98-11f1-bf85-2c7ba0e6fa90,SLIM~MIX_oms,SLIM~MIX,0,200,10,0.7,5,0.9885854125022888,167,3305
7509fbf5-7e98-11f1-a6bd-2c7ba0e6fa90,SLIM+MIX_oms,SLIM+MIX,0,200,10,0.7,10,1.0664050579071045,164,2758
7509fbf6-7e98-11f1-bd69-2c7ba0e6fa90,SLIM*MIX_oms,SLIM*MIX,0,200,10,0.7,10,0.9977616667747498,94,2868
7509fbf7-7e98-11f1-be99-2c7ba0e6fa90,SLIM~MIX_oms,SLIM~MIX,0,200,10,0.7,10,0.9891707897186279,169,3609
78e1122d-7bab-11f1-a61c-2c7ba0e6fa90,SLIM+MIX_oms,SLIM+MIX,0,50,2,0.5,10,1.1503700017929077,77,1353
7b02d570-7ba0-11f1-a421-2c7ba0e6fa90,SLIM+MIX_oms,SLIM+MIX,0,50,2,0.3,1,1.3015254735946655,60,1116
7b02d571-7ba0-11f1-b71b-2c7ba0e6fa90,SLIM*MIX_oms,SLIM*MIX,0,50,2,0.3,1,0.9986461997032166,20,374
7b02fc75-7ba0-11f1-81bb-2c7ba0e6fa90,SLIM~MIX_oms,SLIM~MIX,0,50,2,0.3,1,0.9958286881446838,44,824
7b02fc76-7ba0-11f1-8ae7-2c7ba0e6fa90,SLIM+MIX_oms,SLIM+MIX,0,50,2,0.3,3,1.286601185798645,59,951
8abd625c-7bab-11f1-922c-2c7ba0e6fa90,SLIM*MIX_oms,SLIM*MIX,0,50,2,0.5,10,0.9986249208450317,37,807
8b554926-7ba2-11f1-9478-2c7ba0e6fa90,SLIM*MIX_oms,SLIM*MIX,0,50,2,0.3,5,0.998473048210144,24,706
8f9d8705-7ba5-11f1-8bf7-2c7ba0e6fa90,SLIM~MIX_oms,SLIM~MIX,0,50,2,0.5,1,0.9943608641624451,92,1986
c2e13031-7ba3-11f1-9300-2c7ba0e6fa90,SLIM+MIX_oms,SLIM+MIX,0,50,2,0.3,10,1.3166662454605103,64,980
e0bb11bd-7ba8-11f1-80f5-2c7ba0e6fa90,SLIM+MIX_oms,SLIM+MIX,0,50,2,0.5,5,1.1713716983795166,84,1994
eada1835-7ba1-11f1-9838-2c7ba0e6fa90,SLIM*MIX_oms,SLIM*MIX,0,50,2,0.3,3,0.9985134601593018,26,670
ee509859-7ba3-11f1-a264-2c7ba0e6fa90,SLIM*MIX_oms,SLIM*MIX,0,50,2,0.3,10,0.9986139535903931,28,464
f961838d-7ba6-11f1-b047-2c7ba0e6fa90,SLIM*MIX_oms,SLIM*MIX,0,50,2,0.5,3,0.9984297752380371,34,664
f982e7ee-7ba1-11f1-87b7-2c7ba0e6fa90,SLIM~MIX_oms,SLIM~MIX,0,50,2,0.3,3,0.9953533411026001,54,1048
fc5ab7c8-7ba5-11f1-9e79-2c7ba0e6fa90,SLIM+MIX_oms,SLIM+MIX,0,50,2,0.5,3,1.153742790222168,75,1349
